#pragma once
#include <cstdint>

namespace ui_assets {
    constexpr int pulse_logo_width = 64;
    constexpr int pulse_logo_height = 64;
    constexpr int pulse_logo_bgra_size = 16384;
    alignas(4) constexpr std::uint8_t pulse_logo_bgra[] = {
        0x00, 0x00, 0x00, 0x00, 0x00, 0x00, 0x00, 0x00, 0x00, 0x00, 0x00, 0x00, 0x00, 0x00, 0x00, 0x00,
        0x00, 0x00, 0x00, 0x00, 0x00, 0x00, 0x00, 0x00, 0x00, 0x00, 0x00, 0x00, 0x00, 0x00, 0x00, 0x00,
        0x00, 0x00, 0x00, 0x00, 0x0A, 0x0A, 0x0A, 0x40, 0x0A, 0x0A, 0x0A, 0x8F, 0x0A, 0x0A, 0x0A, 0xBF,
        0x0A, 0x0A, 0x0A, 0xEF, 0x0A, 0x0A, 0x0A, 0xFF, 0x0A, 0x0A, 0x0A, 0xFF, 0x0A, 0x0A, 0x0A, 0xFF,
        0x0A, 0x0A, 0x0A, 0xFF, 0x0A, 0x0A, 0x0A, 0xFF, 0x0A, 0x0A, 0x0A, 0xFF, 0x0A, 0x0A, 0x0A, 0xFF,
        0x0A, 0x0A, 0x0A, 0xFF, 0x0A, 0x0A, 0x0A, 0xFF, 0x0A, 0x0A, 0x0A, 0xFF, 0x0A, 0x0A, 0x0A, 0xFF,
        0x0A, 0x0A, 0x0A, 0xFF, 0x0A, 0x0A, 0x0A, 0xFF, 0x0A, 0x0A, 0x0A, 0xFF, 0x0A, 0x0A, 0x0A, 0xFF,
        0x0A, 0x0A, 0x0A, 0xFF, 0x0A, 0x0A, 0x0A, 0xFF, 0x0A, 0x0A, 0x0A, 0xFF, 0x0A, 0x0A, 0x0A, 0xFF,
        0x0A, 0x0A, 0x0A, 0xFF, 0x0A, 0x0A, 0x0A, 0xFF, 0x0A, 0x0A, 0x0A, 0xFF, 0x0A, 0x0A, 0x0A, 0xFF,
        0x0A, 0x0A, 0x0A, 0xFF, 0x0A, 0x0A, 0x0A, 0xFF, 0x0A, 0x0A, 0x0A, 0xFF, 0x0A, 0x0A, 0x0A, 0xFF,
        0x0A, 0x0A, 0x0A, 0xFF, 0x0A, 0x0A, 0x0A, 0xFF, 0x0A, 0x0A, 0x0A, 0xFF, 0x0A, 0x0A, 0x0A, 0xFF,
        0x0A, 0x0A, 0x0A, 0xFF, 0x0A, 0x0A, 0x0A, 0xFF, 0x0A, 0x0A, 0x0A, 0xFF, 0x0A, 0x0A, 0x0A, 0xFF,
        0x0A, 0x0A, 0x0A, 0xFF, 0x0A, 0x0A, 0x0A, 0xFF, 0x0A, 0x0A, 0x0A, 0xFF, 0x0A, 0x0A, 0x0A, 0xEF,
        0x0A, 0x0A, 0x0A, 0xBF, 0x0A, 0x0A, 0x0A, 0x8F, 0x0A, 0x0A, 0x0A, 0x40, 0x00, 0x00, 0x00, 0x00,
        0x00, 0x00, 0x00, 0x00, 0x00, 0x00, 0x00, 0x00, 0x00, 0x00, 0x00, 0x00, 0x00, 0x00, 0x00, 0x00,
        0x00, 0x00, 0x00, 0x00, 0x00, 0x00, 0x00, 0x00, 0x00, 0x00, 0x00, 0x00, 0x00, 0x00, 0x00, 0x00,
        0x00, 0x00, 0x00, 0x00, 0x00, 0x00, 0x00, 0x00, 0x00, 0x00, 0x00, 0x00, 0x00, 0x00, 0x00, 0x00,
        0x00, 0x00, 0x00, 0x00, 0x00, 0x00, 0x00, 0x00, 0x00, 0x00, 0x00, 0x00, 0x0A, 0x0A, 0x0A, 0x60,
        0x0A, 0x0A, 0x0A, 0xDF, 0x0A, 0x0A, 0x0A, 0xFF, 0x0A, 0x0A, 0x0A, 0xFF, 0x0A, 0x0A, 0x0A, 0xFF,
        0x0A, 0x0A, 0x0A, 0xFF, 0x0A, 0x0A, 0x0A, 0xFF, 0x0A, 0x0A, 0x0A, 0xFF, 0x0A, 0x0A, 0x0A, 0xFF,
        0x0A, 0x0A, 0x0A, 0xFF, 0x0A, 0x0A, 0x0A, 0xFF, 0x0A, 0x0A, 0x0A, 0xFF, 0x0A, 0x0A, 0x0A, 0xFF,
        0x0A, 0x0A, 0x0A, 0xFF, 0x0A, 0x0A, 0x0A, 0xFF, 0x0A, 0x0A, 0x0A, 0xFF, 0x0A, 0x0A, 0x0A, 0xFF,
        0x0A, 0x0A, 0x0A, 0xFF, 0x0A, 0x0A, 0x0A, 0xFF, 0x0A, 0x0A, 0x0A, 0xFF, 0x0A, 0x0A, 0x0A, 0xFF,
        0x0A, 0x0A, 0x0A, 0xFF, 0x0A, 0x0A, 0x0A, 0xFF, 0x0A, 0x0A, 0x0A, 0xFF, 0x0A, 0x0A, 0x0A, 0xFF,
        0x0A, 0x0A, 0x0A, 0xFF, 0x0A, 0x0A, 0x0A, 0xFF, 0x0A, 0x0A, 0x0A, 0xFF, 0x0A, 0x0A, 0x0A, 0xFF,
        0x0A, 0x0A, 0x0A, 0xFF, 0x0A, 0x0A, 0x0A, 0xFF, 0x0A, 0x0A, 0x0A, 0xFF, 0x0A, 0x0A, 0x0A, 0xFF,
        0x0A, 0x0A, 0x0A, 0xFF, 0x0A, 0x0A, 0x0A, 0xFF, 0x0A, 0x0A, 0x0A, 0xFF, 0x0A, 0x0A, 0x0A, 0xFF,
        0x0A, 0x0A, 0x0A, 0xFF, 0x0A, 0x0A, 0x0A, 0xFF, 0x0A, 0x0A, 0x0A, 0xFF, 0x0A, 0x0A, 0x0A, 0xFF,
        0x0A, 0x0A, 0x0A, 0xFF, 0x0A, 0x0A, 0x0A, 0xFF, 0x0A, 0x0A, 0x0A, 0xFF, 0x0A, 0x0A, 0x0A, 0xFF,
        0x0A, 0x0A, 0x0A, 0xFF, 0x0A, 0x0A, 0x0A, 0xFF, 0x0A, 0x0A, 0x0A, 0xFF, 0x0A, 0x0A, 0x0A, 0xDF,
        0x0A, 0x0A, 0x0A, 0x60, 0x00, 0x00, 0x00, 0x00, 0x00, 0x00, 0x00, 0x00, 0x00, 0x00, 0x00, 0x00,
        0x00, 0x00, 0x00, 0x00, 0x00, 0x00, 0x00, 0x00, 0x00, 0x00, 0x00, 0x00, 0x00, 0x00, 0x00, 0x00,
        0x00, 0x00, 0x00, 0x00, 0x00, 0x00, 0x00, 0x00, 0x00, 0x00, 0x00, 0x00, 0x00, 0x00, 0x00, 0x00,
        0x00, 0x00, 0x00, 0x00, 0x0A, 0x0A, 0x0A, 0x30, 0x0A, 0x0A, 0x0A, 0xCF, 0x0A, 0x0A, 0x0A, 0xFF,
        0x0A, 0x0A, 0x0A, 0xFF, 0x0A, 0x0A, 0x0A, 0xFF, 0x0A, 0x0A, 0x0A, 0xFF, 0x0A, 0x0A, 0x0A, 0xFF,
        0x0A, 0x0A, 0x0A, 0xFF, 0x0A, 0x0A, 0x0A, 0xFF, 0x0A, 0x0A, 0x0A, 0xFF, 0x0A, 0x0A, 0x0A, 0xFF,
        0x0A, 0x0A, 0x0A, 0xFF, 0x0A, 0x0A, 0x0A, 0xFF, 0x0A, 0x0A, 0x0A, 0xFF, 0x0A, 0x0A, 0x0A, 0xFF,
        0x0A, 0x0A, 0x0A, 0xFF, 0x0A, 0x0A, 0x0A, 0xFF, 0x0A, 0x0A, 0x0A, 0xFF, 0x0A, 0x0A, 0x0A, 0xFF,
        0x0A, 0x0A, 0x0A, 0xFF, 0x0A, 0x0A, 0x0A, 0xFF, 0x0A, 0x0A, 0x0A, 0xFF, 0x0A, 0x0A, 0x0A, 0xFF,
        0x0A, 0x0A, 0x0A, 0xFF, 0x0A, 0x0A, 0x0A, 0xFF, 0x0A, 0x0A, 0x0A, 0xFF, 0x0A, 0x0A, 0x0A, 0xFF,
        0x0A, 0x0A, 0x0A, 0xFF, 0x0A, 0x0A, 0x0A, 0xFF, 0x0A, 0x0A, 0x0A, 0xFF, 0x0A, 0x0A, 0x0A, 0xFF,
        0x0A, 0x0A, 0x0A, 0xFF, 0x0A, 0x0A, 0x0A, 0xFF, 0x0A, 0x0A, 0x0A, 0xFF, 0x0A, 0x0A, 0x0A, 0xFF,
        0x0A, 0x0A, 0x0A, 0xFF, 0x0A, 0x0A, 0x0A, 0xFF, 0x0A, 0x0A, 0x0A, 0xFF, 0x0A, 0x0A, 0x0A, 0xFF,
        0x0A, 0x0A, 0x0A, 0xFF, 0x0A, 0x0A, 0x0A, 0xFF, 0x0A, 0x0A, 0x0A, 0xFF, 0x0A, 0x0A, 0x0A, 0xFF,
        0x0A, 0x0A, 0x0A, 0xFF, 0x0A, 0x0A, 0x0A, 0xFF, 0x0A, 0x0A, 0x0A, 0xFF, 0x0A, 0x0A, 0x0A, 0xFF,
        0x0A, 0x0A, 0x0A, 0xFF, 0x0A, 0x0A, 0x0A, 0xFF, 0x0A, 0x0A, 0x0A, 0xFF, 0x0A, 0x0A, 0x0A, 0xFF,
        0x0A, 0x0A, 0x0A, 0xFF, 0x0A, 0x0A, 0x0A, 0xCF, 0x0A, 0x0A, 0x0A, 0x30, 0x00, 0x00, 0x00, 0x00,
        0x00, 0x00, 0x00, 0x00, 0x00, 0x00, 0x00, 0x00, 0x00, 0x00, 0x00, 0x00, 0x00, 0x00, 0x00, 0x00,
        0x00, 0x00, 0x00, 0x00, 0x00, 0x00, 0x00, 0x00, 0x00, 0x00, 0x00, 0x00, 0x00, 0x00, 0x00, 0x00,
        0x0A, 0x0A, 0x0A, 0x50, 0x0A, 0x0A, 0x0A, 0xEF, 0x0A, 0x0A, 0x0A, 0xFF, 0x0A, 0x0A, 0x0A, 0xFF,
        0x0A, 0x0A, 0x0A, 0xFF, 0x0A, 0x0A, 0x0A, 0xFF, 0x0A, 0x0A, 0x0A, 0xFF, 0x0A, 0x0A, 0x0A, 0xFF,
        0x0A, 0x0A, 0x0A, 0xFF, 0x0A, 0x0A, 0x0A, 0xFF, 0x0A, 0x0A, 0x0A, 0xFF, 0x0A, 0x0A, 0x0A, 0xFF,
        0x0A, 0x0A, 0x0A, 0xFF, 0x0A, 0x0A, 0x0A, 0xFF, 0x0A, 0x0A, 0x0A, 0xFF, 0x0A, 0x0A, 0x0A, 0xFF,
        0x0A, 0x0A, 0x0A, 0xFF, 0x0A, 0x0A, 0x0A, 0xFF, 0x0A, 0x0A, 0x0A, 0xFF, 0x0A, 0x0A, 0x0A, 0xFF,
        0x0A, 0x0A, 0x0A, 0xFF, 0x0A, 0x0A, 0x0A, 0xFF, 0x0A, 0x0A, 0x0A, 0xFF, 0x0A, 0x0A, 0x0A, 0xFF,
        0x0A, 0x0A, 0x0A, 0xFF, 0x0A, 0x0A, 0x0A, 0xFF, 0x0A, 0x0A, 0x0A, 0xFF, 0x0A, 0x0A, 0x0A, 0xFF,
        0x0A, 0x0A, 0x0A, 0xFF, 0x0A, 0x0A, 0x0A, 0xFF, 0x0A, 0x0A, 0x0A, 0xFF, 0x0A, 0x0A, 0x0A, 0xFF,
        0x0A, 0x0A, 0x0A, 0xFF, 0x0A, 0x0A, 0x0A, 0xFF, 0x0A, 0x0A, 0x0A, 0xFF, 0x0A, 0x0A, 0x0A, 0xFF,
        0x0A, 0x0A, 0x0A, 0xFF, 0x0A, 0x0A, 0x0A, 0xFF, 0x0A, 0x0A, 0x0A, 0xFF, 0x0A, 0x0A, 0x0A, 0xFF,
        0x0A, 0x0A, 0x0A, 0xFF, 0x0A, 0x0A, 0x0A, 0xFF, 0x0A, 0x0A, 0x0A, 0xFF, 0x0A, 0x0A, 0x0A, 0xFF,
        0x0A, 0x0A, 0x0A, 0xFF, 0x0A, 0x0A, 0x0A, 0xFF, 0x0A, 0x0A, 0x0A, 0xFF, 0x0A, 0x0A, 0x0A, 0xFF,
        0x0A, 0x0A, 0x0A, 0xFF, 0x0A, 0x0A, 0x0A, 0xFF, 0x0A, 0x0A, 0x0A, 0xFF, 0x0A, 0x0A, 0x0A, 0xFF,
        0x0A, 0x0A, 0x0A, 0xFF, 0x0A, 0x0A, 0x0A, 0xFF, 0x0A, 0x0A, 0x0A, 0xEF, 0x0A, 0x0A, 0x0A, 0x50,
        0x00, 0x00, 0x00, 0x00, 0x00, 0x00, 0x00, 0x00, 0x00, 0x00, 0x00, 0x00, 0x00, 0x00, 0x00, 0x00,
        0x00, 0x00, 0x00, 0x00, 0x00, 0x00, 0x00, 0x00, 0x00, 0x00, 0x00, 0x00, 0x0A, 0x0A, 0x0A, 0x50,
        0x0A, 0x0A, 0x0A, 0xFF, 0x0A, 0x0A, 0x0A, 0xFF, 0x0A, 0x0A, 0x0A, 0xFF, 0x0A, 0x0A, 0x0A, 0xFF,
        0x0A, 0x0A, 0x0A, 0xFF, 0x0A, 0x0A, 0x0A, 0xFF, 0x0A, 0x0A, 0x0A, 0xFF, 0x0A, 0x0A, 0x0A, 0xFF,
        0x0A, 0x0A, 0x0A, 0xFF, 0x0A, 0x0A, 0x0A, 0xFF, 0x0A, 0x0A, 0x0A, 0xFF, 0x0A, 0x0A, 0x0A, 0xFF,
        0x0A, 0x0A, 0x0A, 0xFF, 0x0A, 0x0A, 0x0A, 0xFF, 0x0A, 0x0A, 0x0A, 0xFF, 0x0A, 0x0A, 0x0A, 0xFF,
        0x0A, 0x0A, 0x0A, 0xFF, 0x0A, 0x0A, 0x0A, 0xFF, 0x0A, 0x0A, 0x0A, 0xFF, 0x0A, 0x0A, 0x0A, 0xFF,
        0x0A, 0x0A, 0x0A, 0xFF, 0x0A, 0x0A, 0x0A, 0xFF, 0x0A, 0x0A, 0x0A, 0xFF, 0x0A, 0x0A, 0x0A, 0xFF,
        0x0A, 0x0A, 0x0A, 0xFF, 0x0A, 0x0A, 0x0A, 0xFF, 0x0A, 0x0A, 0x0A, 0xFF, 0x0A, 0x0A, 0x0A, 0xFF,
        0x0A, 0x0A, 0x0A, 0xFF, 0x0A, 0x0A, 0x0A, 0xFF, 0x0A, 0x0A, 0x0A, 0xFF, 0x0A, 0x0A, 0x0A, 0xFF,
        0x0A, 0x0A, 0x0A, 0xFF, 0x0A, 0x0A, 0x0A, 0xFF, 0x0A, 0x0A, 0x0A, 0xFF, 0x0A, 0x0A, 0x0A, 0xFF,
        0x0A, 0x0A, 0x0A, 0xFF, 0x0A, 0x0A, 0x0A, 0xFF, 0x0A, 0x0A, 0x0A, 0xFF, 0x0A, 0x0A, 0x0A, 0xFF,
        0x0A, 0x0A, 0x0A, 0xFF, 0x0A, 0x0A, 0x0A, 0xFF, 0x0A, 0x0A, 0x0A, 0xFF, 0x0A, 0x0A, 0x0A, 0xFF,
        0x0A, 0x0A, 0x0A, 0xFF, 0x0A, 0x0A, 0x0A, 0xFF, 0x0A, 0x0A, 0x0A, 0xFF, 0x0A, 0x0A, 0x0A, 0xFF,
        0x0A, 0x0A, 0x0A, 0xFF, 0x0A, 0x0A, 0x0A, 0xFF, 0x0A, 0x0A, 0x0A, 0xFF, 0x0A, 0x0A, 0x0A, 0xFF,
        0x0A, 0x0A, 0x0A, 0xFF, 0x0A, 0x0A, 0x0A, 0xFF, 0x0A, 0x0A, 0x0A, 0xFF, 0x0A, 0x0A, 0x0A, 0xFF,
        0x0A, 0x0A, 0x0A, 0x50, 0x00, 0x00, 0x00, 0x00, 0x00, 0x00, 0x00, 0x00, 0x00, 0x00, 0x00, 0x00,
        0x00, 0x00, 0x00, 0x00, 0x00, 0x00, 0x00, 0x00, 0x0A, 0x0A, 0x0A, 0x30, 0x0A, 0x0A, 0x0A, 0xEF,
        0x0A, 0x0A, 0x0A, 0xFF, 0x0A, 0x0A, 0x0A, 0xFF, 0x0A, 0x0A, 0x0A, 0xFF, 0x0A, 0x0A, 0x0A, 0xFF,
        0x0A, 0x0A, 0x0A, 0xFF, 0x0A, 0x0A, 0x0A, 0xFF, 0x0A, 0x0A, 0x0A, 0xFF, 0x0A, 0x0A, 0x0A, 0xFF,
        0x0A, 0x0A, 0x0A, 0xFF, 0x0A, 0x0A, 0x0A, 0xFF, 0x0A, 0x0A, 0x0A, 0xFF, 0x0A, 0x0A, 0x0A, 0xFF,
        0x0A, 0x0A, 0x0A, 0xFF, 0x0A, 0x0A, 0x0A, 0xFF, 0x0A, 0x0A, 0x0A, 0xFF, 0x0A, 0x0A, 0x0A, 0xFF,
        0x0A, 0x0A, 0x0A, 0xFF, 0x0A, 0x0A, 0x0A, 0xFF, 0x0A, 0x0A, 0x0A, 0xFF, 0x0A, 0x0A, 0x0A, 0xFF,
        0x0A, 0x0A, 0x0A, 0xFF, 0x0A, 0x0A, 0x0A, 0xFF, 0x0A, 0x0A, 0x0A, 0xFF, 0x0A, 0x0A, 0x0A, 0xFF,
        0x0A, 0x0A, 0x0A, 0xFF, 0x0A, 0x0A, 0x0A, 0xFF, 0x0A, 0x0A, 0x0A, 0xFF, 0x0A, 0x0A, 0x0A, 0xFF,
        0x0A, 0x0A, 0x0A, 0xFF, 0x0A, 0x0A, 0x0A, 0xFF, 0x0A, 0x0A, 0x0A, 0xFF, 0x0A, 0x0A, 0x0A, 0xFF,
        0x0A, 0x0A, 0x0A, 0xFF, 0x0A, 0x0A, 0x0A, 0xFF, 0x0A, 0x0A, 0x0A, 0xFF, 0x0A, 0x0A, 0x0A, 0xFF,
        0x0A, 0x0A, 0x0A, 0xFF, 0x0A, 0x0A, 0x0A, 0xFF, 0x0A, 0x0A, 0x0A, 0xFF, 0x0A, 0x0A, 0x0A, 0xFF,
        0x0A, 0x0A, 0x0A, 0xFF, 0x0A, 0x0A, 0x0A, 0xFF, 0x0A, 0x0A, 0x0A, 0xFF, 0x0A, 0x0A, 0x0A, 0xFF,
        0x0A, 0x0A, 0x0A, 0xFF, 0x0A, 0x0A, 0x0A, 0xFF, 0x0A, 0x0A, 0x0A, 0xFF, 0x0A, 0x0A, 0x0A, 0xFF,
        0x0A, 0x0A, 0x0A, 0xFF, 0x0A, 0x0A, 0x0A, 0xFF, 0x0A, 0x0A, 0x0A, 0xFF, 0x0A, 0x0A, 0x0A, 0xFF,
        0x0A, 0x0A, 0x0A, 0xFF, 0x0A, 0x0A, 0x0A, 0xFF, 0x0A, 0x0A, 0x0A, 0xFF, 0x0A, 0x0A, 0x0A, 0xFF,
        0x0A, 0x0A, 0x0A, 0xEF, 0x0A, 0x0A, 0x0A, 0x30, 0x00, 0x00, 0x00, 0x00, 0x00, 0x00, 0x00, 0x00,
        0x00, 0x00, 0x00, 0x00, 0x00, 0x00, 0x00, 0x00, 0x0A, 0x0A, 0x0A, 0xCF, 0x0A, 0x0A, 0x0A, 0xFF,
        0x0A, 0x0A, 0x0A, 0xFF, 0x0A, 0x0A, 0x0A, 0xFF, 0x0A, 0x0A, 0x0A, 0xFF, 0x0A, 0x0A, 0x0A, 0xFF,
        0x0A, 0x0A, 0x0A, 0xFF, 0x0A, 0x0A, 0x0A, 0xFF, 0x0A, 0x0A, 0x0A, 0xFF, 0x0A, 0x0A, 0x0A, 0xFF,
        0x0A, 0x0A, 0x0A, 0xFF, 0x0A, 0x0A, 0x0A, 0xFF, 0x0A, 0x0A, 0x0A, 0xFF, 0x0A, 0x0A, 0x0A, 0xFF,
        0x0A, 0x0A, 0x0A, 0xFF, 0x0A, 0x0A, 0x0A, 0xFF, 0x0A, 0x0A, 0x0A, 0xFF, 0x0A, 0x0A, 0x0A, 0xFF,
        0x0A, 0x0A, 0x0A, 0xFF, 0x0A, 0x0A, 0x0A, 0xFF, 0x0A, 0x0A, 0x0A, 0xFF, 0x0A, 0x0A, 0x0A, 0xFF,
        0x0A, 0x0A, 0x0A, 0xFF, 0x0A, 0x0A, 0x0A, 0xFF, 0x0A, 0x0A, 0x0A, 0xFF, 0x0A, 0x0A, 0x0A, 0xFF,
        0x0A, 0x0A, 0x0A, 0xFF, 0x0A, 0x0A, 0x0A, 0xFF, 0x0A, 0x0A, 0x0A, 0xFF, 0x0A, 0x0A, 0x0A, 0xFF,
        0x0A, 0x0A, 0x0A, 0xFF, 0x0A, 0x0A, 0x0A, 0xFF, 0x0A, 0x0A, 0x0A, 0xFF, 0x0A, 0x0A, 0x0A, 0xFF,
        0x0A, 0x0A, 0x0A, 0xFF, 0x0A, 0x0A, 0x0A, 0xFF, 0x0A, 0x0A, 0x0A, 0xFF, 0x0A, 0x0A, 0x0A, 0xFF,
        0x0A, 0x0A, 0x0A, 0xFF, 0x0A, 0x0A, 0x0A, 0xFF, 0x0A, 0x0A, 0x0A, 0xFF, 0x0A, 0x0A, 0x0A, 0xFF,
        0x0A, 0x0A, 0x0A, 0xFF, 0x0A, 0x0A, 0x0A, 0xFF, 0x0A, 0x0A, 0x0A, 0xFF, 0x0A, 0x0A, 0x0A, 0xFF,
        0x0A, 0x0A, 0x0A, 0xFF, 0x0A, 0x0A, 0x0A, 0xFF, 0x0A, 0x0A, 0x0A, 0xFF, 0x0A, 0x0A, 0x0A, 0xFF,
        0x0A, 0x0A, 0x0A, 0xFF, 0x0A, 0x0A, 0x0A, 0xFF, 0x0A, 0x0A, 0x0A, 0xFF, 0x0A, 0x0A, 0x0A, 0xFF,
        0x0A, 0x0A, 0x0A, 0xFF, 0x0A, 0x0A, 0x0A, 0xFF, 0x0A, 0x0A, 0x0A, 0xFF, 0x0A, 0x0A, 0x0A, 0xFF,
        0x0A, 0x0A, 0x0A, 0xFF, 0x0A, 0x0A, 0x0A, 0xCF, 0x00, 0x00, 0x00, 0x00, 0x00, 0x00, 0x00, 0x00,
        0x00, 0x00, 0x00, 0x00, 0x0A, 0x0A, 0x0A, 0x60, 0x0A, 0x0A, 0x0A, 0xFF, 0x0A, 0x0A, 0x0A, 0xFF,
        0x0A, 0x0A, 0x0A, 0xFF, 0x0A, 0x0A, 0x0A, 0xFF, 0x0A, 0x0A, 0x0A, 0xFF, 0x0A, 0x0A, 0x0A, 0xFF,
        0x0A, 0x0A, 0x0A, 0xFF, 0x0A, 0x0A, 0x0A, 0xFF, 0x0A, 0x0A, 0x0A, 0xFF, 0x0A, 0x0A, 0x0A, 0xFF,
        0x0A, 0x0A, 0x0A, 0xFF, 0x0A, 0x0A, 0x0A, 0xFF, 0x0A, 0x0A, 0x0A, 0xFF, 0x0A, 0x0A, 0x0A, 0xFF,
        0x0A, 0x0A, 0x0A, 0xFF, 0x0A, 0x0A, 0x0A, 0xFF, 0x0A, 0x0A, 0x0A, 0xFF, 0x0A, 0x0A, 0x0A, 0xFF,
        0x0A, 0x0A, 0x0A, 0xFF, 0x0A, 0x0A, 0x0A, 0xFF, 0x0A, 0x0A, 0x0A, 0xFF, 0x0A, 0x0A, 0x0A, 0xFF,
        0x0A, 0x0A, 0x0A, 0xFF, 0x0A, 0x0A, 0x0A, 0xFF, 0x0A, 0x0A, 0x0A, 0xFF, 0x0A, 0x0A, 0x0A, 0xFF,
        0x0A, 0x0A, 0x0A, 0xFF, 0x0A, 0x0A, 0x0A, 0xFF, 0x0A, 0x0A, 0x0A, 0xFF, 0x0A, 0x0A, 0x0A, 0xFF,
        0x0A, 0x0A, 0x0A, 0xFF, 0x0A, 0x0A, 0x0A, 0xFF, 0x0A, 0x0A, 0x0A, 0xFF, 0x0A, 0x0A, 0x0A, 0xFF,
        0x0A, 0x0A, 0x0A, 0xFF, 0x0A, 0x0A, 0x0A, 0xFF, 0x0A, 0x0A, 0x0A, 0xFF, 0x0A, 0x0A, 0x0A, 0xFF,
        0x0A, 0x0A, 0x0A, 0xFF, 0x0A, 0x0A, 0x0A, 0xFF, 0x0A, 0x0A, 0x0A, 0xFF, 0x0A, 0x0A, 0x0A, 0xFF,
        0x0A, 0x0A, 0x0A, 0xFF, 0x0A, 0x0A, 0x0A, 0xFF, 0x0A, 0x0A, 0x0A, 0xFF, 0x0A, 0x0A, 0x0A, 0xFF,
        0x0A, 0x0A, 0x0A, 0xFF, 0x0A, 0x0A, 0x0A, 0xFF, 0x0A, 0x0A, 0x0A, 0xFF, 0x0A, 0x0A, 0x0A, 0xFF,
        0x0A, 0x0A, 0x0A, 0xFF, 0x0A, 0x0A, 0x0A, 0xFF, 0x0A, 0x0A, 0x0A, 0xFF, 0x0A, 0x0A, 0x0A, 0xFF,
        0x0A, 0x0A, 0x0A, 0xFF, 0x0A, 0x0A, 0x0A, 0xFF, 0x0A, 0x0A, 0x0A, 0xFF, 0x0A, 0x0A, 0x0A, 0xFF,
        0x0A, 0x0A, 0x0A, 0xFF, 0x0A, 0x0A, 0x0A, 0xFF, 0x0A, 0x0A, 0x0A, 0x60, 0x00, 0x00, 0x00, 0x00,
        0x00, 0x00, 0x00, 0x00, 0x0A, 0x0A, 0x0A, 0xDF, 0x0A, 0x0A, 0x0A, 0xFF, 0x0A, 0x0A, 0x0A, 0xFF,
        0x0A, 0x0A, 0x0A, 0xFF, 0x0A, 0x0A, 0x0A, 0xFF, 0x0A, 0x0A, 0x0A, 0xFF, 0x0A, 0x0A, 0x0A, 0xFF,
        0x0A, 0x0A, 0x0A, 0xFF, 0x0A, 0x0A, 0x0A, 0xFF, 0x0A, 0x0A, 0x0A, 0xFF, 0x0A, 0x0A, 0x0A, 0xFF,
        0x0A, 0x0A, 0x0A, 0xFF, 0x0A, 0x0A, 0x0A, 0xFF, 0x0A, 0x0A, 0x0A, 0xFF, 0x0A, 0x0A, 0x0A, 0xFF,
        0x0A, 0x0A, 0x0A, 0xFF, 0x0A, 0x0A, 0x0A, 0xFF, 0x0A, 0x0A, 0x0A, 0xFF, 0x0A, 0x0A, 0x0A, 0xFF,
        0x0A, 0x0A, 0x0A, 0xFF, 0x0A, 0x0A, 0x0A, 0xFF, 0x0A, 0x0A, 0x0A, 0xFF, 0x0A, 0x0A, 0x0A, 0xFF,
        0x0A, 0x0A, 0x0A, 0xFF, 0x0A, 0x0A, 0x0A, 0xFF, 0x0A, 0x0A, 0x0A, 0xFF, 0x0A, 0x0A, 0x0A, 0xFF,
        0x0A, 0x0A, 0x0A, 0xFF, 0x0A, 0x0A, 0x0A, 0xFF, 0x0A, 0x0A, 0x0A, 0xFF, 0x0A, 0x0A, 0x0A, 0xFF,
        0x0A, 0x0A, 0x0A, 0xFF, 0x0A, 0x0A, 0x0A, 0xFF, 0x0A, 0x0A, 0x0A, 0xFF, 0x0A, 0x0A, 0x0A, 0xFF,
        0x0A, 0x0A, 0x0A, 0xFF, 0x0A, 0x0A, 0x0A, 0xFF, 0x0A, 0x0A, 0x0A, 0xFF, 0x0A, 0x0A, 0x0A, 0xFF,
        0x0A, 0x0A, 0x0A, 0xFF, 0x0A, 0x0A, 0x0A, 0xFF, 0x0A, 0x0A, 0x0A, 0xFF, 0x0A, 0x0A, 0x0A, 0xFF,
        0x0A, 0x0A, 0x0A, 0xFF, 0x0A, 0x0A, 0x0A, 0xFF, 0x0A, 0x0A, 0x0A, 0xFF, 0x0A, 0x0A, 0x0A, 0xFF,
        0x0A, 0x0A, 0x0A, 0xFF, 0x0A, 0x0A, 0x0A, 0xFF, 0x0A, 0x0A, 0x0A, 0xFF, 0x0A, 0x0A, 0x0A, 0xFF,
        0x0A, 0x0A, 0x0A, 0xFF, 0x0A, 0x0A, 0x0A, 0xFF, 0x0A, 0x0A, 0x0A, 0xFF, 0x0A, 0x0A, 0x0A, 0xFF,
        0x0A, 0x0A, 0x0A, 0xFF, 0x0A, 0x0A, 0x0A, 0xFF, 0x0A, 0x0A, 0x0A, 0xFF, 0x0A, 0x0A, 0x0A, 0xFF,
        0x0A, 0x0A, 0x0A, 0xFF, 0x0A, 0x0A, 0x0A, 0xFF, 0x0A, 0x0A, 0x0A, 0xDF, 0x00, 0x00, 0x00, 0x00,
        0x0A, 0x0A, 0x0A, 0x40, 0x0A, 0x0A, 0x0A, 0xFF, 0x0A, 0x0A, 0x0A, 0xFF, 0x0A, 0x0A, 0x0A, 0xFF,
        0x0A, 0x0A, 0x0A, 0xFF, 0x0A, 0x0A, 0x0A, 0xFF, 0x0A, 0x0A, 0x0A, 0xFF, 0x0A, 0x0A, 0x0A, 0xFF,
        0x0A, 0x0A, 0x0A, 0xFF, 0x0A, 0x0A, 0x0A, 0xFF, 0x0A, 0x0A, 0x0A, 0xFF, 0x0A, 0x0A, 0x0A, 0xFF,
        0x0A, 0x0A, 0x0A, 0xFF, 0x0A, 0x0A, 0x0A, 0xFF, 0x0A, 0x0A, 0x0A, 0xFF, 0x0A, 0x0A, 0x0A, 0xFF,
        0x0A, 0x0A, 0x0A, 0xFF, 0x0A, 0x0A, 0x0A, 0xFF, 0x0A, 0x0A, 0x0A, 0xFF, 0x0A, 0x0A, 0x0A, 0xFF,
        0x0A, 0x0A, 0x0A, 0xFF, 0x0A, 0x0A, 0x0A, 0xFF, 0x0A, 0x0A, 0x0A, 0xFF, 0x0A, 0x0A, 0x0A, 0xFF,
        0x0A, 0x0A, 0x0A, 0xFF, 0x0A, 0x0A, 0x0A, 0xFF, 0x0A, 0x0A, 0x0A, 0xFF, 0x0A, 0x0A, 0x0A, 0xFF,
        0x0A, 0x0A, 0x0A, 0xFF, 0x0A, 0x0A, 0x0A, 0xFF, 0x0A, 0x0A, 0x0A, 0xFF, 0x0A, 0x0A, 0x0A, 0xFF,
        0x0A, 0x0A, 0x0A, 0xFF, 0x0A, 0x0A, 0x0A, 0xFF, 0x0A, 0x0A, 0x0A, 0xFF, 0x0A, 0x0A, 0x0A, 0xFF,
        0x0A, 0x0A, 0x0A, 0xFF, 0x0A, 0x0A, 0x0A, 0xFF, 0x0A, 0x0A, 0x0A, 0xFF, 0x0A, 0x0A, 0x0A, 0xFF,
        0x0A, 0x0A, 0x0A, 0xFF, 0x0A, 0x0A, 0x0A, 0xFF, 0x0A, 0x0A, 0x0A, 0xFF, 0x0A, 0x0A, 0x0A, 0xFF,
        0x0A, 0x0A, 0x0A, 0xFF, 0x0A, 0x0A, 0x0A, 0xFF, 0x0A, 0x0A, 0x0A, 0xFF, 0x0A, 0x0A, 0x0A, 0xFF,
        0x0A, 0x0A, 0x0A, 0xFF, 0x0A, 0x0A, 0x0A, 0xFF, 0x0A, 0x0A, 0x0A, 0xFF, 0x0A, 0x0A, 0x0A, 0xFF,
        0x0A, 0x0A, 0x0A, 0xFF, 0x0A, 0x0A, 0x0A, 0xFF, 0x0A, 0x0A, 0x0A, 0xFF, 0x0A, 0x0A, 0x0A, 0xFF,
        0x0A, 0x0A, 0x0A, 0xFF, 0x0A, 0x0A, 0x0A, 0xFF, 0x0A, 0x0A, 0x0A, 0xFF, 0x0A, 0x0A, 0x0A, 0xFF,
        0x0A, 0x0A, 0x0A, 0xFF, 0x0A, 0x0A, 0x0A, 0xFF, 0x0A, 0x0A, 0x0A, 0xFF, 0x0A, 0x0A, 0x0A, 0x40,
        0x0A, 0x0A, 0x0A, 0x8F, 0x0A, 0x0A, 0x0A, 0xFF, 0x0A, 0x0A, 0x0A, 0xFF, 0x0A, 0x0A, 0x0A, 0xFF,
        0x0A, 0x0A, 0x0A, 0xFF, 0x0A, 0x0A, 0x0A, 0xFF, 0x0A, 0x0A, 0x0A, 0xFF, 0x0A, 0x0A, 0x0A, 0xFF,
        0x0A, 0x0A, 0x0A, 0xFF, 0x0A, 0x0A, 0x0A, 0xFF, 0x0A, 0x0A, 0x0A, 0xFF, 0x0A, 0x0A, 0x0A, 0xFF,
        0x0A, 0x0A, 0x0A, 0xFF, 0x0A, 0x0A, 0x0A, 0xFF, 0x0A, 0x0A, 0x0A, 0xFF, 0x0A, 0x0A, 0x0A, 0xFF,
        0x0A, 0x0A, 0x0A, 0xFF, 0x0A, 0x0A, 0x0A, 0xFF, 0x0A, 0x0A, 0x0A, 0xFF, 0x0A, 0x0A, 0x0A, 0xFF,
        0x0A, 0x0A, 0x0A, 0xFF, 0x0A, 0x0A, 0x0A, 0xFF, 0x0A, 0x0A, 0x0A, 0xFF, 0x0A, 0x0A, 0x0A, 0xFF,
        0x0A, 0x0A, 0x0A, 0xFF, 0x0A, 0x0A, 0x0A, 0xFF, 0x0A, 0x0A, 0x0A, 0xFF, 0x0A, 0x0A, 0x0A, 0xFF,
        0x0A, 0x0A, 0x0A, 0xFF, 0x0A, 0x0A, 0x0A, 0xFF, 0x0A, 0x0A, 0x0A, 0xFF, 0x0A, 0x0A, 0x0A, 0xFF,
        0x0A, 0x0A, 0x0A, 0xFF, 0x0A, 0x0A, 0x0A, 0xFF, 0x0A, 0x0A, 0x0A, 0xFF, 0x0A, 0x0A, 0x0A, 0xFF,
        0x0A, 0x0A, 0x0A, 0xFF, 0x0A, 0x0A, 0x0A, 0xFF, 0x0A, 0x0A, 0x0A, 0xFF, 0x0A, 0x0A, 0x0A, 0xFF,
        0x0A, 0x0A, 0x0A, 0xFF, 0x0A, 0x0A, 0x0A, 0xFF, 0x0A, 0x0A, 0x0A, 0xFF, 0x0A, 0x0A, 0x0A, 0xFF,
        0x0A, 0x0A, 0x0A, 0xFF, 0x0A, 0x0A, 0x0A, 0xFF, 0x0A, 0x0A, 0x0A, 0xFF, 0x0A, 0x0A, 0x0A, 0xFF,
        0x0A, 0x0A, 0x0A, 0xFF, 0x0A, 0x0A, 0x0A, 0xFF, 0x0A, 0x0A, 0x0A, 0xFF, 0x0A, 0x0A, 0x0A, 0xFF,
        0x0A, 0x0A, 0x0A, 0xFF, 0x0A, 0x0A, 0x0A, 0xFF, 0x0A, 0x0A, 0x0A, 0xFF, 0x0A, 0x0A, 0x0A, 0xFF,
        0x0A, 0x0A, 0x0A, 0xFF, 0x0A, 0x0A, 0x0A, 0xFF, 0x0A, 0x0A, 0x0A, 0xFF, 0x0A, 0x0A, 0x0A, 0xFF,
        0x0A, 0x0A, 0x0A, 0xFF, 0x0A, 0x0A, 0x0A, 0xFF, 0x0A, 0x0A, 0x0A, 0xFF, 0x0A, 0x0A, 0x0A, 0x8F,
        0x0A, 0x0A, 0x0A, 0xBF, 0x0A, 0x0A, 0x0A, 0xFF, 0x0A, 0x0A, 0x0A, 0xFF, 0x0A, 0x0A, 0x0A, 0xFF,
        0x0A, 0x0A, 0x0A, 0xFF, 0x0A, 0x0A, 0x0A, 0xFF, 0x0A, 0x0A, 0x0A, 0xFF, 0x0A, 0x0A, 0x0A, 0xFF,
        0x0A, 0x0A, 0x0A, 0xFF, 0x0A, 0x0A, 0x0A, 0xFF, 0x0A, 0x0A, 0x0A, 0xFF, 0x0A, 0x0A, 0x0A, 0xFF,
        0x0A, 0x0A, 0x0A, 0xFF, 0x0A, 0x0A, 0x0A, 0xFF, 0x0A, 0x0A, 0x0A, 0xFF, 0x0A, 0x0A, 0x0A, 0xFF,
        0x0A, 0x0A, 0x0A, 0xFF, 0x0A, 0x0A, 0x0A, 0xFF, 0x0A, 0x0A, 0x0A, 0xFF, 0x0A, 0x0A, 0x0A, 0xFF,
        0x0A, 0x0A, 0x0A, 0xFF, 0x0A, 0x0A, 0x0A, 0xFF, 0x0A, 0x0A, 0x0A, 0xFF, 0x0A, 0x0A, 0x0A, 0xFF,
        0x0A, 0x0A, 0x0A, 0xFF, 0x0A, 0x0A, 0x0A, 0xFF, 0x0A, 0x0A, 0x0A, 0xFF, 0x0A, 0x0A, 0x0A, 0xFF,
        0x0A, 0x0A, 0x0A, 0xFF, 0x0A, 0x0A, 0x0A, 0xFF, 0x0A, 0x0A, 0x0A, 0xFF, 0x0A, 0x0A, 0x0A, 0xFF,
        0x0A, 0x0A, 0x0A, 0xFF, 0x0A, 0x0A, 0x0A, 0xFF, 0x0A, 0x0A, 0x0A, 0xFF, 0x0A, 0x0A, 0x0A, 0xFF,
        0x0A, 0x0A, 0x0A, 0xFF, 0x0A, 0x0A, 0x0A, 0xFF, 0x0A, 0x0A, 0x0A, 0xFF, 0x0A, 0x0A, 0x0A, 0xFF,
        0x0A, 0x0A, 0x0A, 0xFF, 0x0A, 0x0A, 0x0A, 0xFF, 0x0A, 0x0A, 0x0A, 0xFF, 0x0A, 0x0A, 0x0A, 0xFF,
        0x0A, 0x0A, 0x0A, 0xFF, 0x0A, 0x0A, 0x0A, 0xFF, 0x0A, 0x0A, 0x0A, 0xFF, 0x0A, 0x0A, 0x0A, 0xFF,
        0x0A, 0x0A, 0x0A, 0xFF, 0x0A, 0x0A, 0x0A, 0xFF, 0x0A, 0x0A, 0x0A, 0xFF, 0x0A, 0x0A, 0x0A, 0xFF,
        0x0A, 0x0A, 0x0A, 0xFF, 0x0A, 0x0A, 0x0A, 0xFF, 0x0A, 0x0A, 0x0A, 0xFF, 0x0A, 0x0A, 0x0A, 0xFF,
        0x0A, 0x0A, 0x0A, 0xFF, 0x0A, 0x0A, 0x0A, 0xFF, 0x0A, 0x0A, 0x0A, 0xFF, 0x0A, 0x0A, 0x0A, 0xFF,
        0x0A, 0x0A, 0x0A, 0xFF, 0x0A, 0x0A, 0x0A, 0xFF, 0x0A, 0x0A, 0x0A, 0xFF, 0x0A, 0x0A, 0x0A, 0xBF,
        0x0A, 0x0A, 0x0A, 0xEF, 0x0A, 0x0A, 0x0A, 0xFF, 0x0A, 0x0A, 0x0A, 0xFF, 0x0A, 0x0A, 0x0A, 0xFF,
        0x0A, 0x0A, 0x0A, 0xFF, 0x0A, 0x0A, 0x0A, 0xFF, 0x0A, 0x0A, 0x0A, 0xFF, 0x0A, 0x0A, 0x0A, 0xFF,
        0x0A, 0x0A, 0x0A, 0xFF, 0x0A, 0x0A, 0x0A, 0xFF, 0x0A, 0x0A, 0x0A, 0xFF, 0x0A, 0x0A, 0x0A, 0xFF,
        0x0A, 0x0A, 0x0A, 0xFF, 0x0A, 0x0A, 0x0A, 0xFF, 0x0A, 0x0A, 0x0A, 0xFF, 0x0A, 0x0A, 0x0A, 0xFF,
        0x0A, 0x0A, 0x0A, 0xFF, 0x0A, 0x0A, 0x0A, 0xFF, 0x0A, 0x0A, 0x0A, 0xFF, 0x0A, 0x0A, 0x0A, 0xFF,
        0x0A, 0x0A, 0x0A, 0xFF, 0x0A, 0x0A, 0x0A, 0xFF, 0x0A, 0x0A, 0x0A, 0xFF, 0x0A, 0x0A, 0x0A, 0xFF,
        0x0A, 0x0A, 0x0A, 0xFF, 0x0A, 0x0A, 0x0A, 0xFF, 0x0A, 0x0A, 0x0A, 0xFF, 0x0A, 0x0A, 0x0A, 0xFF,
        0x0A, 0x0A, 0x0A, 0xFF, 0x0A, 0x0A, 0x0A, 0xFF, 0x0A, 0x0A, 0x0A, 0xFF, 0x0A, 0x0A, 0x0A, 0xFF,
        0x0A, 0x0A, 0x0A, 0xFF, 0x0A, 0x0A, 0x0A, 0xFF, 0x0A, 0x0A, 0x0A, 0xFF, 0x0A, 0x0A, 0x0A, 0xFF,
        0x0A, 0x0A, 0x0A, 0xFF, 0x0A, 0x0A, 0x0A, 0xFF, 0x0A, 0x0A, 0x0A, 0xFF, 0x0A, 0x0A, 0x0A, 0xFF,
        0x0A, 0x0A, 0x0A, 0xFF, 0x0A, 0x0A, 0x0A, 0xFF, 0x0A, 0x0A, 0x0A, 0xFF, 0x0A, 0x0A, 0x0A, 0xFF,
        0x0A, 0x0A, 0x0A, 0xFF, 0x0A, 0x0A, 0x0A, 0xFF, 0x0A, 0x0A, 0x0A, 0xFF, 0x0A, 0x0A, 0x0A, 0xFF,
        0x0A, 0x0A, 0x0A, 0xFF, 0x0A, 0x0A, 0x0A, 0xFF, 0x0A, 0x0A, 0x0A, 0xFF, 0x0A, 0x0A, 0x0A, 0xFF,
        0x0A, 0x0A, 0x0A, 0xFF, 0x0A, 0x0A, 0x0A, 0xFF, 0x0A, 0x0A, 0x0A, 0xFF, 0x0A, 0x0A, 0x0A, 0xFF,
        0x0A, 0x0A, 0x0A, 0xFF, 0x0A, 0x0A, 0x0A, 0xFF, 0x0A, 0x0A, 0x0A, 0xFF, 0x0A, 0x0A, 0x0A, 0xFF,
        0x0A, 0x0A, 0x0A, 0xFF, 0x0A, 0x0A, 0x0A, 0xFF, 0x0A, 0x0A, 0x0A, 0xFF, 0x0A, 0x0A, 0x0A, 0xEF,
        0x0A, 0x0A, 0x0A, 0xFF, 0x0A, 0x0A, 0x0A, 0xFF, 0x0A, 0x0A, 0x0A, 0xFF, 0x0A, 0x0A, 0x0A, 0xFF,
        0x0A, 0x0A, 0x0A, 0xFF, 0x0A, 0x0A, 0x0A, 0xFF, 0x0A, 0x0A, 0x0A, 0xFF, 0x0A, 0x0A, 0x0A, 0xFF,
        0x0A, 0x0A, 0x0A, 0xFF, 0x0A, 0x0A, 0x0A, 0xFF, 0x0A, 0x0A, 0x0A, 0xFF, 0x0A, 0x0A, 0x0A, 0xFF,
        0x0A, 0x0A, 0x0A, 0xFF, 0x0A, 0x0A, 0x0A, 0xFF, 0x0A, 0x0A, 0x0A, 0xFF, 0x0A, 0x0A, 0x0A, 0xFF,
        0x0A, 0x0A, 0x0A, 0xFF, 0x0A, 0x0A, 0x0A, 0xFF, 0x0A, 0x0A, 0x0A, 0xFF, 0x0A, 0x0A, 0x0A, 0xFF,
        0x0A, 0x0A, 0x0A, 0xFF, 0x0A, 0x0A, 0x0A, 0xFF, 0x0A, 0x0A, 0x0A, 0xFF, 0x0A, 0x0A, 0x0A, 0xFF,
        0x0A, 0x0A, 0x0A, 0xFF, 0x0A, 0x0A, 0x0A, 0xFF, 0x0A, 0x0A, 0x0A, 0xFF, 0x0A, 0x0A, 0x0A, 0xFF,
        0x0A, 0x0A, 0x0A, 0xFF, 0x0A, 0x0A, 0x0A, 0xFF, 0x0A, 0x0A, 0x0A, 0xFF, 0x0A, 0x0A, 0x0A, 0xFF,
        0x0A, 0x0A, 0x0A, 0xFF, 0x0A, 0x0A, 0x0A, 0xFF, 0x0A, 0x0A, 0x0A, 0xFF, 0x0A, 0x0A, 0x0A, 0xFF,
        0x0A, 0x0A, 0x0A, 0xFF, 0x0A, 0x0A, 0x0A, 0xFF, 0x0A, 0x0A, 0x0A, 0xFF, 0x0A, 0x0A, 0x0A, 0xFF,
        0x0A, 0x0A, 0x0A, 0xFF, 0x0A, 0x0A, 0x0A, 0xFF, 0x0A, 0x0A, 0x0A, 0xFF, 0x0A, 0x0A, 0x0A, 0xFF,
        0x0A, 0x0A, 0x0A, 0xFF, 0x0A, 0x0A, 0x0A, 0xFF, 0x0A, 0x0A, 0x0A, 0xFF, 0x0A, 0x0A, 0x0A, 0xFF,
        0x0A, 0x0A, 0x0A, 0xFF, 0x0A, 0x0A, 0x0A, 0xFF, 0x0A, 0x0A, 0x0A, 0xFF, 0x0A, 0x0A, 0x0A, 0xFF,
        0x0A, 0x0A, 0x0A, 0xFF, 0x0A, 0x0A, 0x0A, 0xFF, 0x0A, 0x0A, 0x0A, 0xFF, 0x0A, 0x0A, 0x0A, 0xFF,
        0x0A, 0x0A, 0x0A, 0xFF, 0x0A, 0x0A, 0x0A, 0xFF, 0x0A, 0x0A, 0x0A, 0xFF, 0x0A, 0x0A, 0x0A, 0xFF,
        0x0A, 0x0A, 0x0A, 0xFF, 0x0A, 0x0A, 0x0A, 0xFF, 0x0A, 0x0A, 0x0A, 0xFF, 0x0A, 0x0A, 0x0A, 0xFF,
        0x0A, 0x0A, 0x0A, 0xFF, 0x0A, 0x0A, 0x0A, 0xFF, 0x0A, 0x0A, 0x0A, 0xFF, 0x0A, 0x0A, 0x0A, 0xFF,
        0x0A, 0x0A, 0x0A, 0xFF, 0x0A, 0x0A, 0x0A, 0xFF, 0x0A, 0x0A, 0x0A, 0xFF, 0x0A, 0x0A, 0x0A, 0xFF,
        0x0A, 0x0A, 0x0A, 0xFF, 0x0A, 0x0A, 0x0A, 0xFF, 0x0A, 0x0A, 0x0A, 0xFF, 0x0A, 0x0A, 0x0A, 0xFF,
        0x0A, 0x0A, 0x0A, 0xFF, 0x0A, 0x0A, 0x0A, 0xFF, 0x0A, 0x0A, 0x0A, 0xFF, 0x0A, 0x0A, 0x0A, 0xFF,
        0x0A, 0x0A, 0x0A, 0xFF, 0x0A, 0x0A, 0x0A, 0xFF, 0x0A, 0x0A, 0x0A, 0xFF, 0x0A, 0x0A, 0x0A, 0xFF,
        0x0A, 0x0A, 0x0A, 0xFF, 0x0A, 0x0A, 0x0A, 0xFF, 0x0A, 0x0A, 0x0A, 0xFF, 0x0A, 0x0A, 0x0A, 0xFF,
        0x0A, 0x0A, 0x0A, 0xFF, 0x0A, 0x0A, 0x0A, 0xFF, 0x0A, 0x0A, 0x0A, 0xFF, 0x0A, 0x0A, 0x0A, 0xFF,
        0x0A, 0x0A, 0x0A, 0xFF, 0x0A, 0x0A, 0x0A, 0xFF, 0x0A, 0x0A, 0x0A, 0xFF, 0x0A, 0x0A, 0x0A, 0xFF,
        0xFF, 0xFF, 0xFF, 0xFF, 0xFF, 0xFF, 0xFF, 0xFF, 0xFF, 0xFF, 0xFF, 0xFF, 0xFF, 0xFF, 0xFF, 0xFF,
        0x0A, 0x0A, 0x0A, 0xFF, 0x0A, 0x0A, 0x0A, 0xFF, 0x0A, 0x0A, 0x0A, 0xFF, 0x0A, 0x0A, 0x0A, 0xFF,
        0x0A, 0x0A, 0x0A, 0xFF, 0x0A, 0x0A, 0x0A, 0xFF, 0x0A, 0x0A, 0x0A, 0xFF, 0x0A, 0x0A, 0x0A, 0xFF,
        0x0A, 0x0A, 0x0A, 0xFF, 0x0A, 0x0A, 0x0A, 0xFF, 0x0A, 0x0A, 0x0A, 0xFF, 0x0A, 0x0A, 0x0A, 0xFF,
        0x0A, 0x0A, 0x0A, 0xFF, 0x0A, 0x0A, 0x0A, 0xFF, 0x0A, 0x0A, 0x0A, 0xFF, 0x0A, 0x0A, 0x0A, 0xFF,
        0x0A, 0x0A, 0x0A, 0xFF, 0x0A, 0x0A, 0x0A, 0xFF, 0x0A, 0x0A, 0x0A, 0xFF, 0x0A, 0x0A, 0x0A, 0xFF,
        0x0A, 0x0A, 0x0A, 0xFF, 0x0A, 0x0A, 0x0A, 0xFF, 0x0A, 0x0A, 0x0A, 0xFF, 0x0A, 0x0A, 0x0A, 0xFF,
        0x0A, 0x0A, 0x0A, 0xFF, 0x0A, 0x0A, 0x0A, 0xFF, 0x0A, 0x0A, 0x0A, 0xFF, 0x0A, 0x0A, 0x0A, 0xFF,
        0x0A, 0x0A, 0x0A, 0xFF, 0x0A, 0x0A, 0x0A, 0xFF, 0x0A, 0x0A, 0x0A, 0xFF, 0x0A, 0x0A, 0x0A, 0xFF,
        0x0A, 0x0A, 0x0A, 0xFF, 0x0A, 0x0A, 0x0A, 0xFF, 0x0A, 0x0A, 0x0A, 0xFF, 0x0A, 0x0A, 0x0A, 0xFF,
        0x0A, 0x0A, 0x0A, 0xFF, 0x0A, 0x0A, 0x0A, 0xFF, 0x0A, 0x0A, 0x0A, 0xFF, 0x0A, 0x0A, 0x0A, 0xFF,
        0x0A, 0x0A, 0x0A, 0xFF, 0x0A, 0x0A, 0x0A, 0xFF, 0x0A, 0x0A, 0x0A, 0xFF, 0x0A, 0x0A, 0x0A, 0xFF,
        0x0A, 0x0A, 0x0A, 0xFF, 0x0A, 0x0A, 0x0A, 0xFF, 0x0A, 0x0A, 0x0A, 0xFF, 0x0A, 0x0A, 0x0A, 0xFF,
        0x0A, 0x0A, 0x0A, 0xFF, 0x0A, 0x0A, 0x0A, 0xFF, 0x0A, 0x0A, 0x0A, 0xFF, 0x0A, 0x0A, 0x0A, 0xFF,
        0x0A, 0x0A, 0x0A, 0xFF, 0x0A, 0x0A, 0x0A, 0xFF, 0x0A, 0x0A, 0x0A, 0xFF, 0x0A, 0x0A, 0x0A, 0xFF,
        0x0A, 0x0A, 0x0A, 0xFF, 0x0A, 0x0A, 0x0A, 0xFF, 0x0A, 0x0A, 0x0A, 0xFF, 0x0A, 0x0A, 0x0A, 0xFF,
        0xFF, 0xFF, 0xFF, 0xFF, 0xFF, 0xFF, 0xFF, 0xFF, 0xFF, 0xFF, 0xFF, 0xFF, 0xFF, 0xFF, 0xFF, 0xFF,
        0x0A, 0x0A, 0x0A, 0xFF, 0x0A, 0x0A, 0x0A, 0xFF, 0x0A, 0x0A, 0x0A, 0xFF, 0x0A, 0x0A, 0x0A, 0xFF,
        0x0A, 0x0A, 0x0A, 0xFF, 0x0A, 0x0A, 0x0A, 0xFF, 0x0A, 0x0A, 0x0A, 0xFF, 0x0A, 0x0A, 0x0A, 0xFF,
        0x0A, 0x0A, 0x0A, 0xFF, 0x0A, 0x0A, 0x0A, 0xFF, 0x0A, 0x0A, 0x0A, 0xFF, 0x0A, 0x0A, 0x0A, 0xFF,
        0x0A, 0x0A, 0x0A, 0xFF, 0x0A, 0x0A, 0x0A, 0xFF, 0x0A, 0x0A, 0x0A, 0xFF, 0x0A, 0x0A, 0x0A, 0xFF,
        0x0A, 0x0A, 0x0A, 0xFF, 0x0A, 0x0A, 0x0A, 0xFF, 0x0A, 0x0A, 0x0A, 0xFF, 0x0A, 0x0A, 0x0A, 0xFF,
        0x0A, 0x0A, 0x0A, 0xFF, 0x0A, 0x0A, 0x0A, 0xFF, 0x0A, 0x0A, 0x0A, 0xFF, 0x0A, 0x0A, 0x0A, 0xFF,
        0x0A, 0x0A, 0x0A, 0xFF, 0x0A, 0x0A, 0x0A, 0xFF, 0x0A, 0x0A, 0x0A, 0xFF, 0x0A, 0x0A, 0x0A, 0xFF,
        0x0A, 0x0A, 0x0A, 0xFF, 0x0A, 0x0A, 0x0A, 0xFF, 0x0A, 0x0A, 0x0A, 0xFF, 0x0A, 0x0A, 0x0A, 0xFF,
        0x0A, 0x0A, 0x0A, 0xFF, 0x0A, 0x0A, 0x0A, 0xFF, 0x0A, 0x0A, 0x0A, 0xFF, 0x0A, 0x0A, 0x0A, 0xFF,
        0x0A, 0x0A, 0x0A, 0xFF, 0x0A, 0x0A, 0x0A, 0xFF, 0x0A, 0x0A, 0x0A, 0xFF, 0x0A, 0x0A, 0x0A, 0xFF,
        0x0A, 0x0A, 0x0A, 0xFF, 0x0A, 0x0A, 0x0A, 0xFF, 0x0A, 0x0A, 0x0A, 0xFF, 0x0A, 0x0A, 0x0A, 0xFF,
        0x0A, 0x0A, 0x0A, 0xFF, 0x0A, 0x0A, 0x0A, 0xFF, 0x0A, 0x0A, 0x0A, 0xFF, 0x0A, 0x0A, 0x0A, 0xFF,
        0x0A, 0x0A, 0x0A, 0xFF, 0x0A, 0x0A, 0x0A, 0xFF, 0x0A, 0x0A, 0x0A, 0xFF, 0x0A, 0x0A, 0x0A, 0xFF,
        0x0A, 0x0A, 0x0A, 0xFF, 0x0A, 0x0A, 0x0A, 0xFF, 0x0A, 0x0A, 0x0A, 0xFF, 0x0A, 0x0A, 0x0A, 0xFF,
        0x0A, 0x0A, 0x0A, 0xFF, 0x0A, 0x0A, 0x0A, 0xFF, 0x0A, 0x0A, 0x0A, 0xFF, 0xFF, 0xFF, 0xFF, 0xFF,
        0xFF, 0xFF, 0xFF, 0xFF, 0xFF, 0xFF, 0xFF, 0xFF, 0xFF, 0xFF, 0xFF, 0xFF, 0xFF, 0xFF, 0xFF, 0xFF,
        0xFF, 0xFF, 0xFF, 0xFF, 0x0A, 0x0A, 0x0A, 0xFF, 0x0A, 0x0A, 0x0A, 0xFF, 0x0A, 0x0A, 0x0A, 0xFF,
        0x0A, 0x0A, 0x0A, 0xFF, 0x0A, 0x0A, 0x0A, 0xFF, 0x0A, 0x0A, 0x0A, 0xFF, 0x0A, 0x0A, 0x0A, 0xFF,
        0x0A, 0x0A, 0x0A, 0xFF, 0x0A, 0x0A, 0x0A, 0xFF, 0x0A, 0x0A, 0x0A, 0xFF, 0x0A, 0x0A, 0x0A, 0xFF,
        0x0A, 0x0A, 0x0A, 0xFF, 0x0A, 0x0A, 0x0A, 0xFF, 0x0A, 0x0A, 0x0A, 0xFF, 0x0A, 0x0A, 0x0A, 0xFF,
        0x0A, 0x0A, 0x0A, 0xFF, 0x0A, 0x0A, 0x0A, 0xFF, 0x0A, 0x0A, 0x0A, 0xFF, 0x0A, 0x0A, 0x0A, 0xFF,
        0x0A, 0x0A, 0x0A, 0xFF, 0x0A, 0x0A, 0x0A, 0xFF, 0x0A, 0x0A, 0x0A, 0xFF, 0x0A, 0x0A, 0x0A, 0xFF,
        0x0A, 0x0A, 0x0A, 0xFF, 0x0A, 0x0A, 0x0A, 0xFF, 0x0A, 0x0A, 0x0A, 0xFF, 0x0A, 0x0A, 0x0A, 0xFF,
        0x0A, 0x0A, 0x0A, 0xFF, 0x0A, 0x0A, 0x0A, 0xFF, 0x0A, 0x0A, 0x0A, 0xFF, 0x0A, 0x0A, 0x0A, 0xFF,
        0x0A, 0x0A, 0x0A, 0xFF, 0x0A, 0x0A, 0x0A, 0xFF, 0x0A, 0x0A, 0x0A, 0xFF, 0x0A, 0x0A, 0x0A, 0xFF,
        0x0A, 0x0A, 0x0A, 0xFF, 0x0A, 0x0A, 0x0A, 0xFF, 0x0A, 0x0A, 0x0A, 0xFF, 0x0A, 0x0A, 0x0A, 0xFF,
        0x0A, 0x0A, 0x0A, 0xFF, 0x0A, 0x0A, 0x0A, 0xFF, 0x0A, 0x0A, 0x0A, 0xFF, 0x0A, 0x0A, 0x0A, 0xFF,
        0x0A, 0x0A, 0x0A, 0xFF, 0x0A, 0x0A, 0x0A, 0xFF, 0x0A, 0x0A, 0x0A, 0xFF, 0x0A, 0x0A, 0x0A, 0xFF,
        0x0A, 0x0A, 0x0A, 0xFF, 0x0A, 0x0A, 0x0A, 0xFF, 0x0A, 0x0A, 0x0A, 0xFF, 0x0A, 0x0A, 0x0A, 0xFF,
        0x0A, 0x0A, 0x0A, 0xFF, 0x0A, 0x0A, 0x0A, 0xFF, 0x0A, 0x0A, 0x0A, 0xFF, 0x0A, 0x0A, 0x0A, 0xFF,
        0x0A, 0x0A, 0x0A, 0xFF, 0x0A, 0x0A, 0x0A, 0xFF, 0x0A, 0x0A, 0x0A, 0xFF, 0xFF, 0xFF, 0xFF, 0xFF,
        0xFF, 0xFF, 0xFF, 0xFF, 0xFF, 0xFF, 0xFF, 0xFF, 0xFF, 0xFF, 0xFF, 0xFF, 0xFF, 0xFF, 0xFF, 0xFF,
        0xFF, 0xFF, 0xFF, 0xFF, 0x0A, 0x0A, 0x0A, 0xFF, 0x0A, 0x0A, 0x0A, 0xFF, 0x0A, 0x0A, 0x0A, 0xFF,
        0x0A, 0x0A, 0x0A, 0xFF, 0x0A, 0x0A, 0x0A, 0xFF, 0x0A, 0x0A, 0x0A, 0xFF, 0x0A, 0x0A, 0x0A, 0xFF,
        0x0A, 0x0A, 0x0A, 0xFF, 0x0A, 0x0A, 0x0A, 0xFF, 0x0A, 0x0A, 0x0A, 0xFF, 0x0A, 0x0A, 0x0A, 0xFF,
        0x0A, 0x0A, 0x0A, 0xFF, 0x0A, 0x0A, 0x0A, 0xFF, 0x0A, 0x0A, 0x0A, 0xFF, 0x0A, 0x0A, 0x0A, 0xFF,
        0x0A, 0x0A, 0x0A, 0xFF, 0x0A, 0x0A, 0x0A, 0xFF, 0x0A, 0x0A, 0x0A, 0xFF, 0x0A, 0x0A, 0x0A, 0xFF,
        0x0A, 0x0A, 0x0A, 0xFF, 0x0A, 0x0A, 0x0A, 0xFF, 0x0A, 0x0A, 0x0A, 0xFF, 0x0A, 0x0A, 0x0A, 0xFF,
        0x0A, 0x0A, 0x0A, 0xFF, 0x0A, 0x0A, 0x0A, 0xFF, 0x0A, 0x0A, 0x0A, 0xFF, 0x0A, 0x0A, 0x0A, 0xFF,
        0x0A, 0x0A, 0x0A, 0xFF, 0x0A, 0x0A, 0x0A, 0xFF, 0x0A, 0x0A, 0x0A, 0xFF, 0x0A, 0x0A, 0x0A, 0xFF,
        0x0A, 0x0A, 0x0A, 0xFF, 0x0A, 0x0A, 0x0A, 0xFF, 0x0A, 0x0A, 0x0A, 0xFF, 0x0A, 0x0A, 0x0A, 0xFF,
        0x0A, 0x0A, 0x0A, 0xFF, 0x0A, 0x0A, 0x0A, 0xFF, 0x0A, 0x0A, 0x0A, 0xFF, 0x0A, 0x0A, 0x0A, 0xFF,
        0x0A, 0x0A, 0x0A, 0xFF, 0x0A, 0x0A, 0x0A, 0xFF, 0x0A, 0x0A, 0x0A, 0xFF, 0x0A, 0x0A, 0x0A, 0xFF,
        0x0A, 0x0A, 0x0A, 0xFF, 0x0A, 0x0A, 0x0A, 0xFF, 0x0A, 0x0A, 0x0A, 0xFF, 0x0A, 0x0A, 0x0A, 0xFF,
        0x0A, 0x0A, 0x0A, 0xFF, 0x0A, 0x0A, 0x0A, 0xFF, 0x0A, 0x0A, 0x0A, 0xFF, 0x0A, 0x0A, 0x0A, 0xFF,
        0x0A, 0x0A, 0x0A, 0xFF, 0x0A, 0x0A, 0x0A, 0xFF, 0x0A, 0x0A, 0x0A, 0xFF, 0x0A, 0x0A, 0x0A, 0xFF,
        0x0A, 0x0A, 0x0A, 0xFF, 0x0A, 0x0A, 0x0A, 0xFF, 0x0A, 0x0A, 0x0A, 0xFF, 0xFF, 0xFF, 0xFF, 0xFF,
        0xFF, 0xFF, 0xFF, 0xFF, 0xFF, 0xFF, 0xFF, 0xFF, 0xFF, 0xFF, 0xFF, 0xFF, 0xFF, 0xFF, 0xFF, 0xFF,
        0xFF, 0xFF, 0xFF, 0xFF, 0x0A, 0x0A, 0x0A, 0xFF, 0x0A, 0x0A, 0x0A, 0xFF, 0x0A, 0x0A, 0x0A, 0xFF,
        0x0A, 0x0A, 0x0A, 0xFF, 0x0A, 0x0A, 0x0A, 0xFF, 0x0A, 0x0A, 0x0A, 0xFF, 0x0A, 0x0A, 0x0A, 0xFF,
        0x0A, 0x0A, 0x0A, 0xFF, 0x0A, 0x0A, 0x0A, 0xFF, 0x0A, 0x0A, 0x0A, 0xFF, 0x0A, 0x0A, 0x0A, 0xFF,
        0x0A, 0x0A, 0x0A, 0xFF, 0x0A, 0x0A, 0x0A, 0xFF, 0x0A, 0x0A, 0x0A, 0xFF, 0x0A, 0x0A, 0x0A, 0xFF,
        0x0A, 0x0A, 0x0A, 0xFF, 0x0A, 0x0A, 0x0A, 0xFF, 0x0A, 0x0A, 0x0A, 0xFF, 0x0A, 0x0A, 0x0A, 0xFF,
        0x0A, 0x0A, 0x0A, 0xFF, 0x0A, 0x0A, 0x0A, 0xFF, 0x0A, 0x0A, 0x0A, 0xFF, 0x0A, 0x0A, 0x0A, 0xFF,
        0x0A, 0x0A, 0x0A, 0xFF, 0x0A, 0x0A, 0x0A, 0xFF, 0x0A, 0x0A, 0x0A, 0xFF, 0x0A, 0x0A, 0x0A, 0xFF,
        0x0A, 0x0A, 0x0A, 0xFF, 0x0A, 0x0A, 0x0A, 0xFF, 0x0A, 0x0A, 0x0A, 0xFF, 0x0A, 0x0A, 0x0A, 0xFF,
        0x0A, 0x0A, 0x0A, 0xFF, 0x0A, 0x0A, 0x0A, 0xFF, 0x0A, 0x0A, 0x0A, 0xFF, 0x0A, 0x0A, 0x0A, 0xFF,
        0x0A, 0x0A, 0x0A, 0xFF, 0x0A, 0x0A, 0x0A, 0xFF, 0x0A, 0x0A, 0x0A, 0xFF, 0x0A, 0x0A, 0x0A, 0xFF,
        0x0A, 0x0A, 0x0A, 0xFF, 0x0A, 0x0A, 0x0A, 0xFF, 0x0A, 0x0A, 0x0A, 0xFF, 0x0A, 0x0A, 0x0A, 0xFF,
        0x0A, 0x0A, 0x0A, 0xFF, 0x0A, 0x0A, 0x0A, 0xFF, 0x0A, 0x0A, 0x0A, 0xFF, 0x0A, 0x0A, 0x0A, 0xFF,
        0x0A, 0x0A, 0x0A, 0xFF, 0x0A, 0x0A, 0x0A, 0xFF, 0x0A, 0x0A, 0x0A, 0xFF, 0x0A, 0x0A, 0x0A, 0xFF,
        0x0A, 0x0A, 0x0A, 0xFF, 0x0A, 0x0A, 0x0A, 0xFF, 0x0A, 0x0A, 0x0A, 0xFF, 0x0A, 0x0A, 0x0A, 0xFF,
        0x0A, 0x0A, 0x0A, 0xFF, 0x0A, 0x0A, 0x0A, 0xFF, 0x0A, 0x0A, 0x0A, 0xFF, 0xFF, 0xFF, 0xFF, 0xFF,
        0xFF, 0xFF, 0xFF, 0xFF, 0xFF, 0xFF, 0xFF, 0xFF, 0xFF, 0xFF, 0xFF, 0xFF, 0xFF, 0xFF, 0xFF, 0xFF,
        0xFF, 0xFF, 0xFF, 0xFF, 0x0A, 0x0A, 0x0A, 0xFF, 0x0A, 0x0A, 0x0A, 0xFF, 0x0A, 0x0A, 0x0A, 0xFF,
        0x0A, 0x0A, 0x0A, 0xFF, 0x0A, 0x0A, 0x0A, 0xFF, 0x0A, 0x0A, 0x0A, 0xFF, 0x0A, 0x0A, 0x0A, 0xFF,
        0x0A, 0x0A, 0x0A, 0xFF, 0x0A, 0x0A, 0x0A, 0xFF, 0x0A, 0x0A, 0x0A, 0xFF, 0x0A, 0x0A, 0x0A, 0xFF,
        0x0A, 0x0A, 0x0A, 0xFF, 0x0A, 0x0A, 0x0A, 0xFF, 0x0A, 0x0A, 0x0A, 0xFF, 0x0A, 0x0A, 0x0A, 0xFF,
        0x0A, 0x0A, 0x0A, 0xFF, 0x0A, 0x0A, 0x0A, 0xFF, 0x0A, 0x0A, 0x0A, 0xFF, 0x0A, 0x0A, 0x0A, 0xFF,
        0x0A, 0x0A, 0x0A, 0xFF, 0x0A, 0x0A, 0x0A, 0xFF, 0x0A, 0x0A, 0x0A, 0xFF, 0x0A, 0x0A, 0x0A, 0xFF,
        0x0A, 0x0A, 0x0A, 0xFF, 0x0A, 0x0A, 0x0A, 0xFF, 0x0A, 0x0A, 0x0A, 0xFF, 0x0A, 0x0A, 0x0A, 0xFF,
        0x0A, 0x0A, 0x0A, 0xFF, 0x0A, 0x0A, 0x0A, 0xFF, 0x0A, 0x0A, 0x0A, 0xFF, 0x0A, 0x0A, 0x0A, 0xFF,
        0x0A, 0x0A, 0x0A, 0xFF, 0x0A, 0x0A, 0x0A, 0xFF, 0x0A, 0x0A, 0x0A, 0xFF, 0x0A, 0x0A, 0x0A, 0xFF,
        0x0A, 0x0A, 0x0A, 0xFF, 0x0A, 0x0A, 0x0A, 0xFF, 0x0A, 0x0A, 0x0A, 0xFF, 0x0A, 0x0A, 0x0A, 0xFF,
        0x0A, 0x0A, 0x0A, 0xFF, 0x0A, 0x0A, 0x0A, 0xFF, 0x0A, 0x0A, 0x0A, 0xFF, 0x0A, 0x0A, 0x0A, 0xFF,
        0x0A, 0x0A, 0x0A, 0xFF, 0x0A, 0x0A, 0x0A, 0xFF, 0x0A, 0x0A, 0x0A, 0xFF, 0x0A, 0x0A, 0x0A, 0xFF,
        0xFF, 0xFF, 0xFF, 0xFF, 0xFF, 0xFF, 0xFF, 0xFF, 0xFF, 0xFF, 0xFF, 0xFF, 0xFF, 0xFF, 0xFF, 0xFF,
        0x0A, 0x0A, 0x0A, 0xFF, 0x0A, 0x0A, 0x0A, 0xFF, 0x0A, 0x0A, 0x0A, 0xFF, 0x0A, 0x0A, 0x0A, 0xFF,
        0x0A, 0x0A, 0x0A, 0xFF, 0x0A, 0x0A, 0x0A, 0xFF, 0x0A, 0x0A, 0x0A, 0xFF, 0xFF, 0xFF, 0xFF, 0xFF,
        0xFF, 0xFF, 0xFF, 0xFF, 0xFF, 0xFF, 0xFF, 0xFF, 0xFF, 0xFF, 0xFF, 0xFF, 0xFF, 0xFF, 0xFF, 0xFF,
        0xFF, 0xFF, 0xFF, 0xFF, 0xFF, 0xFF, 0xFF, 0xFF, 0x0A, 0x0A, 0x0A, 0xFF, 0x0A, 0x0A, 0x0A, 0xFF,
        0x0A, 0x0A, 0x0A, 0xFF, 0x0A, 0x0A, 0x0A, 0xFF, 0x0A, 0x0A, 0x0A, 0xFF, 0x0A, 0x0A, 0x0A, 0xFF,
        0x0A, 0x0A, 0x0A, 0xFF, 0x0A, 0x0A, 0x0A, 0xFF, 0x0A, 0x0A, 0x0A, 0xFF, 0x0A, 0x0A, 0x0A, 0xFF,
        0x0A, 0x0A, 0x0A, 0xFF, 0x0A, 0x0A, 0x0A, 0xFF, 0x0A, 0x0A, 0x0A, 0xFF, 0x0A, 0x0A, 0x0A, 0xFF,
        0x0A, 0x0A, 0x0A, 0xFF, 0x0A, 0x0A, 0x0A, 0xFF, 0x0A, 0x0A, 0x0A, 0xFF, 0x0A, 0x0A, 0x0A, 0xFF,
        0x0A, 0x0A, 0x0A, 0xFF, 0x0A, 0x0A, 0x0A, 0xFF, 0x0A, 0x0A, 0x0A, 0xFF, 0x0A, 0x0A, 0x0A, 0xFF,
        0x0A, 0x0A, 0x0A, 0xFF, 0x0A, 0x0A, 0x0A, 0xFF, 0x0A, 0x0A, 0x0A, 0xFF, 0x0A, 0x0A, 0x0A, 0xFF,
        0x0A, 0x0A, 0x0A, 0xFF, 0x0A, 0x0A, 0x0A, 0xFF, 0x0A, 0x0A, 0x0A, 0xFF, 0x0A, 0x0A, 0x0A, 0xFF,
        0x0A, 0x0A, 0x0A, 0xFF, 0x0A, 0x0A, 0x0A, 0xFF, 0x0A, 0x0A, 0x0A, 0xFF, 0x0A, 0x0A, 0x0A, 0xFF,
        0x0A, 0x0A, 0x0A, 0xFF, 0x0A, 0x0A, 0x0A, 0xFF, 0x0A, 0x0A, 0x0A, 0xFF, 0x0A, 0x0A, 0x0A, 0xFF,
        0x0A, 0x0A, 0x0A, 0xFF, 0x0A, 0x0A, 0x0A, 0xFF, 0x0A, 0x0A, 0x0A, 0xFF, 0x0A, 0x0A, 0x0A, 0xFF,
        0x0A, 0x0A, 0x0A, 0xFF, 0x0A, 0x0A, 0x0A, 0xFF, 0x0A, 0x0A, 0x0A, 0xFF, 0x0A, 0x0A, 0x0A, 0xFF,
        0xFF, 0xFF, 0xFF, 0xFF, 0xFF, 0xFF, 0xFF, 0xFF, 0xFF, 0xFF, 0xFF, 0xFF, 0xFF, 0xFF, 0xFF, 0xFF,
        0x0A, 0x0A, 0x0A, 0xFF, 0x0A, 0x0A, 0x0A, 0xFF, 0x0A, 0x0A, 0x0A, 0xFF, 0x0A, 0x0A, 0x0A, 0xFF,
        0x0A, 0x0A, 0x0A, 0xFF, 0x0A, 0x0A, 0x0A, 0xFF, 0xFF, 0xFF, 0xFF, 0xFF, 0xFF, 0xFF, 0xFF, 0xFF,
        0xFF, 0xFF, 0xFF, 0xFF, 0xFF, 0xFF, 0xFF, 0xFF, 0xFF, 0xFF, 0xFF, 0xFF, 0xFF, 0xFF, 0xFF, 0xFF,
        0xFF, 0xFF, 0xFF, 0xFF, 0xFF, 0xFF, 0xFF, 0xFF, 0x0A, 0x0A, 0x0A, 0xFF, 0x0A, 0x0A, 0x0A, 0xFF,
        0x0A, 0x0A, 0x0A, 0xFF, 0x0A, 0x0A, 0x0A, 0xFF, 0x0A, 0x0A, 0x0A, 0xFF, 0x0A, 0x0A, 0x0A, 0xFF,
        0x0A, 0x0A, 0x0A, 0xFF, 0x0A, 0x0A, 0x0A, 0xFF, 0x0A, 0x0A, 0x0A, 0xFF, 0x0A, 0x0A, 0x0A, 0xFF,
        0x0A, 0x0A, 0x0A, 0xFF, 0x0A, 0x0A, 0x0A, 0xFF, 0x0A, 0x0A, 0x0A, 0xFF, 0x0A, 0x0A, 0x0A, 0xFF,
        0x0A, 0x0A, 0x0A, 0xFF, 0x0A, 0x0A, 0x0A, 0xFF, 0x0A, 0x0A, 0x0A, 0xFF, 0x0A, 0x0A, 0x0A, 0xFF,
        0x0A, 0x0A, 0x0A, 0xFF, 0x0A, 0x0A, 0x0A, 0xFF, 0x0A, 0x0A, 0x0A, 0xFF, 0x0A, 0x0A, 0x0A, 0xFF,
        0x0A, 0x0A, 0x0A, 0xFF, 0x0A, 0x0A, 0x0A, 0xFF, 0x0A, 0x0A, 0x0A, 0xFF, 0x0A, 0x0A, 0x0A, 0xFF,
        0x0A, 0x0A, 0x0A, 0xFF, 0x0A, 0x0A, 0x0A, 0xFF, 0x0A, 0x0A, 0x0A, 0xFF, 0x0A, 0x0A, 0x0A, 0xFF,
        0x0A, 0x0A, 0x0A, 0xFF, 0x0A, 0x0A, 0x0A, 0xFF, 0x0A, 0x0A, 0x0A, 0xFF, 0x0A, 0x0A, 0x0A, 0xFF,
        0x0A, 0x0A, 0x0A, 0xFF, 0x0A, 0x0A, 0x0A, 0xFF, 0x0A, 0x0A, 0x0A, 0xFF, 0x0A, 0x0A, 0x0A, 0xFF,
        0x0A, 0x0A, 0x0A, 0xFF, 0x0A, 0x0A, 0x0A, 0xFF, 0x0A, 0x0A, 0x0A, 0xFF, 0x0A, 0x0A, 0x0A, 0xFF,
        0x0A, 0x0A, 0x0A, 0xFF, 0x0A, 0x0A, 0x0A, 0xFF, 0x0A, 0x0A, 0x0A, 0xFF, 0xFF, 0xFF, 0xFF, 0xFF,
        0xFF, 0xFF, 0xFF, 0xFF, 0xFF, 0xFF, 0xFF, 0xFF, 0xFF, 0xFF, 0xFF, 0xFF, 0xFF, 0xFF, 0xFF, 0xFF,
        0xFF, 0xFF, 0xFF, 0xFF, 0x0A, 0x0A, 0x0A, 0xFF, 0x0A, 0x0A, 0x0A, 0xFF, 0x0A, 0x0A, 0x0A, 0xFF,
        0x0A, 0x0A, 0x0A, 0xFF, 0x0A, 0x0A, 0x0A, 0xFF, 0xFF, 0xFF, 0xFF, 0xFF, 0xFF, 0xFF, 0xFF, 0xFF,
        0xFF, 0xFF, 0xFF, 0xFF, 0xFF, 0xFF, 0xFF, 0xFF, 0xFF, 0xFF, 0xFF, 0xFF, 0xFF, 0xFF, 0xFF, 0xFF,
        0xFF, 0xFF, 0xFF, 0xFF, 0xFF, 0xFF, 0xFF, 0xFF, 0x0A, 0x0A, 0x0A, 0xFF, 0x0A, 0x0A, 0x0A, 0xFF,
        0x0A, 0x0A, 0x0A, 0xFF, 0x0A, 0x0A, 0x0A, 0xFF, 0x0A, 0x0A, 0x0A, 0xFF, 0x0A, 0x0A, 0x0A, 0xFF,
        0x0A, 0x0A, 0x0A, 0xFF, 0x0A, 0x0A, 0x0A, 0xFF, 0x0A, 0x0A, 0x0A, 0xFF, 0x0A, 0x0A, 0x0A, 0xFF,
        0x0A, 0x0A, 0x0A, 0xFF, 0x0A, 0x0A, 0x0A, 0xFF, 0x0A, 0x0A, 0x0A, 0xFF, 0x0A, 0x0A, 0x0A, 0xFF,
        0x0A, 0x0A, 0x0A, 0xFF, 0x0A, 0x0A, 0x0A, 0xFF, 0x0A, 0x0A, 0x0A, 0xFF, 0x0A, 0x0A, 0x0A, 0xFF,
        0x0A, 0x0A, 0x0A, 0xFF, 0x0A, 0x0A, 0x0A, 0xFF, 0x0A, 0x0A, 0x0A, 0xFF, 0x0A, 0x0A, 0x0A, 0xFF,
        0x0A, 0x0A, 0x0A, 0xFF, 0x0A, 0x0A, 0x0A, 0xFF, 0x0A, 0x0A, 0x0A, 0xFF, 0x0A, 0x0A, 0x0A, 0xFF,
        0x0A, 0x0A, 0x0A, 0xFF, 0x0A, 0x0A, 0x0A, 0xFF, 0x0A, 0x0A, 0x0A, 0xFF, 0x0A, 0x0A, 0x0A, 0xFF,
        0x0A, 0x0A, 0x0A, 0xFF, 0x0A, 0x0A, 0x0A, 0xFF, 0x0A, 0x0A, 0x0A, 0xFF, 0x0A, 0x0A, 0x0A, 0xFF,
        0x0A, 0x0A, 0x0A, 0xFF, 0x0A, 0x0A, 0x0A, 0xFF, 0x0A, 0x0A, 0x0A, 0xFF, 0x0A, 0x0A, 0x0A, 0xFF,
        0x0A, 0x0A, 0x0A, 0xFF, 0x0A, 0x0A, 0x0A, 0xFF, 0x0A, 0x0A, 0x0A, 0xFF, 0x0A, 0x0A, 0x0A, 0xFF,
        0x0A, 0x0A, 0x0A, 0xFF, 0x0A, 0x0A, 0x0A, 0xFF, 0x0A, 0x0A, 0x0A, 0xFF, 0xFF, 0xFF, 0xFF, 0xFF,
        0xFF, 0xFF, 0xFF, 0xFF, 0xFF, 0xFF, 0xFF, 0xFF, 0xFF, 0xFF, 0xFF, 0xFF, 0xFF, 0xFF, 0xFF, 0xFF,
        0xFF, 0xFF, 0xFF, 0xFF, 0x0A, 0x0A, 0x0A, 0xFF, 0x0A, 0x0A, 0x0A, 0xFF, 0x0A, 0x0A, 0x0A, 0xFF,
        0x0A, 0x0A, 0x0A, 0xFF, 0x0A, 0x0A, 0x0A, 0xFF, 0xFF, 0xFF, 0xFF, 0xFF, 0xFF, 0xFF, 0xFF, 0xFF,
        0xFF, 0xFF, 0xFF, 0xFF, 0xFF, 0xFF, 0xFF, 0xFF, 0xFF, 0xFF, 0xFF, 0xFF, 0xFF, 0xFF, 0xFF, 0xFF,
        0xFF, 0xFF, 0xFF, 0xFF, 0xFF, 0xFF, 0xFF, 0xFF, 0x0A, 0x0A, 0x0A, 0xFF, 0x0A, 0x0A, 0x0A, 0xFF,
        0x0A, 0x0A, 0x0A, 0xFF, 0x0A, 0x0A, 0x0A, 0xFF, 0x0A, 0x0A, 0x0A, 0xFF, 0x0A, 0x0A, 0x0A, 0xFF,
        0x0A, 0x0A, 0x0A, 0xFF, 0x0A, 0x0A, 0x0A, 0xFF, 0x0A, 0x0A, 0x0A, 0xFF, 0x0A, 0x0A, 0x0A, 0xFF,
        0x0A, 0x0A, 0x0A, 0xFF, 0x0A, 0x0A, 0x0A, 0xFF, 0x0A, 0x0A, 0x0A, 0xFF, 0x0A, 0x0A, 0x0A, 0xFF,
        0x0A, 0x0A, 0x0A, 0xFF, 0x0A, 0x0A, 0x0A, 0xFF, 0x0A, 0x0A, 0x0A, 0xFF, 0x0A, 0x0A, 0x0A, 0xFF,
        0x0A, 0x0A, 0x0A, 0xFF, 0x0A, 0x0A, 0x0A, 0xFF, 0x0A, 0x0A, 0x0A, 0xFF, 0x0A, 0x0A, 0x0A, 0xFF,
        0x0A, 0x0A, 0x0A, 0xFF, 0x0A, 0x0A, 0x0A, 0xFF, 0x0A, 0x0A, 0x0A, 0xFF, 0x0A, 0x0A, 0x0A, 0xFF,
        0x0A, 0x0A, 0x0A, 0xFF, 0x0A, 0x0A, 0x0A, 0xFF, 0x0A, 0x0A, 0x0A, 0xFF, 0x0A, 0x0A, 0x0A, 0xFF,
        0x0A, 0x0A, 0x0A, 0xFF, 0x0A, 0x0A, 0x0A, 0xFF, 0x0A, 0x0A, 0x0A, 0xFF, 0x0A, 0x0A, 0x0A, 0xFF,
        0x0A, 0x0A, 0x0A, 0xFF, 0x0A, 0x0A, 0x0A, 0xFF, 0x0A, 0x0A, 0x0A, 0xFF, 0x0A, 0x0A, 0x0A, 0xFF,
        0x0A, 0x0A, 0x0A, 0xFF, 0x0A, 0x0A, 0x0A, 0xFF, 0x0A, 0x0A, 0x0A, 0xFF, 0x0A, 0x0A, 0x0A, 0xFF,
        0x0A, 0x0A, 0x0A, 0xFF, 0x0A, 0x0A, 0x0A, 0xFF, 0x0A, 0x0A, 0x0A, 0xFF, 0xFF, 0xFF, 0xFF, 0xFF,
        0xFF, 0xFF, 0xFF, 0xFF, 0xFF, 0xFF, 0xFF, 0xFF, 0xFF, 0xFF, 0xFF, 0xFF, 0xFF, 0xFF, 0xFF, 0xFF,
        0xFF, 0xFF, 0xFF, 0xFF, 0x0A, 0x0A, 0x0A, 0xFF, 0x0A, 0x0A, 0x0A, 0xFF, 0x0A, 0x0A, 0x0A, 0xFF,
        0x0A, 0x0A, 0x0A, 0xFF, 0x0A, 0x0A, 0x0A, 0xFF, 0xFF, 0xFF, 0xFF, 0xFF, 0xFF, 0xFF, 0xFF, 0xFF,
        0xFF, 0xFF, 0xFF, 0xFF, 0xFF, 0xFF, 0xFF, 0xFF, 0xFF, 0xFF, 0xFF, 0xFF, 0xFF, 0xFF, 0xFF, 0xFF,
        0xFF, 0xFF, 0xFF, 0xFF, 0xFF, 0xFF, 0xFF, 0xFF, 0xFF, 0xFF, 0xFF, 0xFF, 0x0A, 0x0A, 0x0A, 0xFF,
        0x0A, 0x0A, 0x0A, 0xFF, 0x0A, 0x0A, 0x0A, 0xFF, 0x0A, 0x0A, 0x0A, 0xFF, 0x0A, 0x0A, 0x0A, 0xFF,
        0x0A, 0x0A, 0x0A, 0xFF, 0x0A, 0x0A, 0x0A, 0xFF, 0x0A, 0x0A, 0x0A, 0xFF, 0x0A, 0x0A, 0x0A, 0xFF,
        0x0A, 0x0A, 0x0A, 0xFF, 0x0A, 0x0A, 0x0A, 0xFF, 0x0A, 0x0A, 0x0A, 0xFF, 0x0A, 0x0A, 0x0A, 0xFF,
        0x0A, 0x0A, 0x0A, 0xFF, 0x0A, 0x0A, 0x0A, 0xFF, 0x0A, 0x0A, 0x0A, 0xFF, 0x0A, 0x0A, 0x0A, 0xFF,
        0x0A, 0x0A, 0x0A, 0xFF, 0x0A, 0x0A, 0x0A, 0xFF, 0x0A, 0x0A, 0x0A, 0xFF, 0x0A, 0x0A, 0x0A, 0xFF,
        0x0A, 0x0A, 0x0A, 0xFF, 0x0A, 0x0A, 0x0A, 0xFF, 0x0A, 0x0A, 0x0A, 0xFF, 0x0A, 0x0A, 0x0A, 0xFF,
        0x0A, 0x0A, 0x0A, 0xFF, 0x0A, 0x0A, 0x0A, 0xFF, 0x0A, 0x0A, 0x0A, 0xFF, 0x0A, 0x0A, 0x0A, 0xFF,
        0x0A, 0x0A, 0x0A, 0xFF, 0x0A, 0x0A, 0x0A, 0xFF, 0x0A, 0x0A, 0x0A, 0xFF, 0x0A, 0x0A, 0x0A, 0xFF,
        0x0A, 0x0A, 0x0A, 0xFF, 0x0A, 0x0A, 0x0A, 0xFF, 0x0A, 0x0A, 0x0A, 0xFF, 0x0A, 0x0A, 0x0A, 0xFF,
        0x0A, 0x0A, 0x0A, 0xFF, 0x0A, 0x0A, 0x0A, 0xFF, 0x0A, 0x0A, 0x0A, 0xFF, 0x0A, 0x0A, 0x0A, 0xFF,
        0x0A, 0x0A, 0x0A, 0xFF, 0x0A, 0x0A, 0x0A, 0xFF, 0xFF, 0xFF, 0xFF, 0xFF, 0xFF, 0xFF, 0xFF, 0xFF,
        0xFF, 0xFF, 0xFF, 0xFF, 0xFF, 0xFF, 0xFF, 0xFF, 0xFF, 0xFF, 0xFF, 0xFF, 0xFF, 0xFF, 0xFF, 0xFF,
        0xFF, 0xFF, 0xFF, 0xFF, 0x0A, 0x0A, 0x0A, 0xFF, 0x0A, 0x0A, 0x0A, 0xFF, 0x0A, 0x0A, 0x0A, 0xFF,
        0x0A, 0x0A, 0x0A, 0xFF, 0x0A, 0x0A, 0x0A, 0xFF, 0xFF, 0xFF, 0xFF, 0xFF, 0xFF, 0xFF, 0xFF, 0xFF,
        0xFF, 0xFF, 0xFF, 0xFF, 0xFF, 0xFF, 0xFF, 0xFF, 0xFF, 0xFF, 0xFF, 0xFF, 0xFF, 0xFF, 0xFF, 0xFF,
        0xFF, 0xFF, 0xFF, 0xFF, 0xFF, 0xFF, 0xFF, 0xFF, 0xFF, 0xFF, 0xFF, 0xFF, 0x0A, 0x0A, 0x0A, 0xFF,
        0x0A, 0x0A, 0x0A, 0xFF, 0x0A, 0x0A, 0x0A, 0xFF, 0x0A, 0x0A, 0x0A, 0xFF, 0x0A, 0x0A, 0x0A, 0xFF,
        0x0A, 0x0A, 0x0A, 0xFF, 0x0A, 0x0A, 0x0A, 0xFF, 0x0A, 0x0A, 0x0A, 0xFF, 0x0A, 0x0A, 0x0A, 0xFF,
        0x0A, 0x0A, 0x0A, 0xFF, 0x0A, 0x0A, 0x0A, 0xFF, 0x0A, 0x0A, 0x0A, 0xFF, 0x0A, 0x0A, 0x0A, 0xFF,
        0x0A, 0x0A, 0x0A, 0xFF, 0x0A, 0x0A, 0x0A, 0xFF, 0x0A, 0x0A, 0x0A, 0xFF, 0x0A, 0x0A, 0x0A, 0xFF,
        0x0A, 0x0A, 0x0A, 0xFF, 0x0A, 0x0A, 0x0A, 0xFF, 0x0A, 0x0A, 0x0A, 0xFF, 0x0A, 0x0A, 0x0A, 0xFF,
        0x0A, 0x0A, 0x0A, 0xFF, 0x0A, 0x0A, 0x0A, 0xFF, 0x0A, 0x0A, 0x0A, 0xFF, 0x0A, 0x0A, 0x0A, 0xFF,
        0x0A, 0x0A, 0x0A, 0xFF, 0x0A, 0x0A, 0x0A, 0xFF, 0x0A, 0x0A, 0x0A, 0xFF, 0x0A, 0x0A, 0x0A, 0xFF,
        0x0A, 0x0A, 0x0A, 0xFF, 0x0A, 0x0A, 0x0A, 0xFF, 0x0A, 0x0A, 0x0A, 0xFF, 0x0A, 0x0A, 0x0A, 0xFF,
        0x0A, 0x0A, 0x0A, 0xFF, 0x0A, 0x0A, 0x0A, 0xFF, 0x0A, 0x0A, 0x0A, 0xFF, 0x0A, 0x0A, 0x0A, 0xFF,
        0x0A, 0x0A, 0x0A, 0xFF, 0x0A, 0x0A, 0x0A, 0xFF, 0x0A, 0x0A, 0x0A, 0xFF, 0x0A, 0x0A, 0x0A, 0xFF,
        0x0A, 0x0A, 0x0A, 0xFF, 0x0A, 0x0A, 0x0A, 0xFF, 0xFF, 0xFF, 0xFF, 0xFF, 0xFF, 0xFF, 0xFF, 0xFF,
        0xFF, 0xFF, 0xFF, 0xFF, 0xFF, 0xFF, 0xFF, 0xFF, 0xFF, 0xFF, 0xFF, 0xFF, 0xFF, 0xFF, 0xFF, 0xFF,
        0xFF, 0xFF, 0xFF, 0xFF, 0xFF, 0xFF, 0xFF, 0xFF, 0x0A, 0x0A, 0x0A, 0xFF, 0x0A, 0x0A, 0x0A, 0xFF,
        0x0A, 0x0A, 0x0A, 0xFF, 0xFF, 0xFF, 0xFF, 0xFF, 0xFF, 0xFF, 0xFF, 0xFF, 0xFF, 0xFF, 0xFF, 0xFF,
        0xFF, 0xFF, 0xFF, 0xFF, 0xFF, 0xFF, 0xFF, 0xFF, 0xFF, 0xFF, 0xFF, 0xFF, 0xFF, 0xFF, 0xFF, 0xFF,
        0xFF, 0xFF, 0xFF, 0xFF, 0xFF, 0xFF, 0xFF, 0xFF, 0xFF, 0xFF, 0xFF, 0xFF, 0x0A, 0x0A, 0x0A, 0xFF,
        0x0A, 0x0A, 0x0A, 0xFF, 0x0A, 0x0A, 0x0A, 0xFF, 0x0A, 0x0A, 0x0A, 0xFF, 0x0A, 0x0A, 0x0A, 0xFF,
        0x0A, 0x0A, 0x0A, 0xFF, 0x0A, 0x0A, 0x0A, 0xFF, 0x0A, 0x0A, 0x0A, 0xFF, 0x0A, 0x0A, 0x0A, 0xFF,
        0x0A, 0x0A, 0x0A, 0xFF, 0x0A, 0x0A, 0x0A, 0xFF, 0x0A, 0x0A, 0x0A, 0xFF, 0x0A, 0x0A, 0x0A, 0xFF,
        0x0A, 0x0A, 0x0A, 0xFF, 0x0A, 0x0A, 0x0A, 0xFF, 0x0A, 0x0A, 0x0A, 0xFF, 0x0A, 0x0A, 0x0A, 0xFF,
        0x0A, 0x0A, 0x0A, 0xFF, 0x0A, 0x0A, 0x0A, 0xFF, 0x0A, 0x0A, 0x0A, 0xFF, 0x0A, 0x0A, 0x0A, 0xFF,
        0x0A, 0x0A, 0x0A, 0xFF, 0x0A, 0x0A, 0x0A, 0xFF, 0x0A, 0x0A, 0x0A, 0xFF, 0x0A, 0x0A, 0x0A, 0xFF,
        0x0A, 0x0A, 0x0A, 0xFF, 0x0A, 0x0A, 0x0A, 0xFF, 0x0A, 0x0A, 0x0A, 0xFF, 0x0A, 0x0A, 0x0A, 0xFF,
        0x0A, 0x0A, 0x0A, 0xFF, 0x0A, 0x0A, 0x0A, 0xFF, 0x0A, 0x0A, 0x0A, 0xFF, 0x0A, 0x0A, 0x0A, 0xFF,
        0x0A, 0x0A, 0x0A, 0xFF, 0x0A, 0x0A, 0x0A, 0xFF, 0x0A, 0x0A, 0x0A, 0xFF, 0x0A, 0x0A, 0x0A, 0xFF,
        0x0A, 0x0A, 0x0A, 0xFF, 0x0A, 0x0A, 0x0A, 0xFF, 0x0A, 0x0A, 0x0A, 0xFF, 0x0A, 0x0A, 0x0A, 0xFF,
        0x0A, 0x0A, 0x0A, 0xFF, 0x0A, 0x0A, 0x0A, 0xFF, 0xFF, 0xFF, 0xFF, 0xFF, 0xFF, 0xFF, 0xFF, 0xFF,
        0xFF, 0xFF, 0xFF, 0xFF, 0xFF, 0xFF, 0xFF, 0xFF, 0xFF, 0xFF, 0xFF, 0xFF, 0xFF, 0xFF, 0xFF, 0xFF,
        0xFF, 0xFF, 0xFF, 0xFF, 0xFF, 0xFF, 0xFF, 0xFF, 0x0A, 0x0A, 0x0A, 0xFF, 0x0A, 0x0A, 0x0A, 0xFF,
        0x0A, 0x0A, 0x0A, 0xFF, 0xFF, 0xFF, 0xFF, 0xFF, 0xFF, 0xFF, 0xFF, 0xFF, 0xFF, 0xFF, 0xFF, 0xFF,
        0xFF, 0xFF, 0xFF, 0xFF, 0xFF, 0xFF, 0xFF, 0xFF, 0xFF, 0xFF, 0xFF, 0xFF, 0xFF, 0xFF, 0xFF, 0xFF,
        0xFF, 0xFF, 0xFF, 0xFF, 0xFF, 0xFF, 0xFF, 0xFF, 0xFF, 0xFF, 0xFF, 0xFF, 0x0A, 0x0A, 0x0A, 0xFF,
        0x0A, 0x0A, 0x0A, 0xFF, 0x0A, 0x0A, 0x0A, 0xFF, 0x0A, 0x0A, 0x0A, 0xFF, 0x0A, 0x0A, 0x0A, 0xFF,
        0x0A, 0x0A, 0x0A, 0xFF, 0x0A, 0x0A, 0x0A, 0xFF, 0x0A, 0x0A, 0x0A, 0xFF, 0x0A, 0x0A, 0x0A, 0xFF,
        0x0A, 0x0A, 0x0A, 0xFF, 0x0A, 0x0A, 0x0A, 0xFF, 0x0A, 0x0A, 0x0A, 0xFF, 0x0A, 0x0A, 0x0A, 0xFF,
        0x0A, 0x0A, 0x0A, 0xFF, 0x0A, 0x0A, 0x0A, 0xFF, 0x0A, 0x0A, 0x0A, 0xFF, 0x0A, 0x0A, 0x0A, 0xFF,
        0x0A, 0x0A, 0x0A, 0xFF, 0x0A, 0x0A, 0x0A, 0xFF, 0x0A, 0x0A, 0x0A, 0xFF, 0x0A, 0x0A, 0x0A, 0xFF,
        0x0A, 0x0A, 0x0A, 0xFF, 0x0A, 0x0A, 0x0A, 0xFF, 0x0A, 0x0A, 0x0A, 0xFF, 0x0A, 0x0A, 0x0A, 0xFF,
        0x0A, 0x0A, 0x0A, 0xFF, 0x0A, 0x0A, 0x0A, 0xFF, 0x0A, 0x0A, 0x0A, 0xFF, 0x0A, 0x0A, 0x0A, 0xFF,
        0x0A, 0x0A, 0x0A, 0xFF, 0x0A, 0x0A, 0x0A, 0xFF, 0x0A, 0x0A, 0x0A, 0xFF, 0x0A, 0x0A, 0x0A, 0xFF,
        0x0A, 0x0A, 0x0A, 0xFF, 0x0A, 0x0A, 0x0A, 0xFF, 0x0A, 0x0A, 0x0A, 0xFF, 0x0A, 0x0A, 0x0A, 0xFF,
        0x0A, 0x0A, 0x0A, 0xFF, 0x0A, 0x0A, 0x0A, 0xFF, 0x0A, 0x0A, 0x0A, 0xFF, 0x0A, 0x0A, 0x0A, 0xFF,
        0x0A, 0x0A, 0x0A, 0xFF, 0xFF, 0xFF, 0xFF, 0xFF, 0xFF, 0xFF, 0xFF, 0xFF, 0xFF, 0xFF, 0xFF, 0xFF,
        0xFF, 0xFF, 0xFF, 0xFF, 0xFF, 0xFF, 0xFF, 0xFF, 0xFF, 0xFF, 0xFF, 0xFF, 0xFF, 0xFF, 0xFF, 0xFF,
        0xFF, 0xFF, 0xFF, 0xFF, 0xFF, 0xFF, 0xFF, 0xFF, 0x0A, 0x0A, 0x0A, 0xFF, 0x0A, 0x0A, 0x0A, 0xFF,
        0x0A, 0x0A, 0x0A, 0xFF, 0xFF, 0xFF, 0xFF, 0xFF, 0xFF, 0xFF, 0xFF, 0xFF, 0xFF, 0xFF, 0xFF, 0xFF,
        0xFF, 0xFF, 0xFF, 0xFF, 0xFF, 0xFF, 0xFF, 0xFF, 0x0A, 0x0A, 0x0A, 0xFF, 0xFF, 0xFF, 0xFF, 0xFF,
        0xFF, 0xFF, 0xFF, 0xFF, 0xFF, 0xFF, 0xFF, 0xFF, 0xFF, 0xFF, 0xFF, 0xFF, 0xFF, 0xFF, 0xFF, 0xFF,
        0x0A, 0x0A, 0x0A, 0xFF, 0x0A, 0x0A, 0x0A, 0xFF, 0x0A, 0x0A, 0x0A, 0xFF, 0x0A, 0x0A, 0x0A, 0xFF,
        0x0A, 0x0A, 0x0A, 0xFF, 0x0A, 0x0A, 0x0A, 0xFF, 0x0A, 0x0A, 0x0A, 0xFF, 0x0A, 0x0A, 0x0A, 0xFF,
        0x0A, 0x0A, 0x0A, 0xFF, 0x0A, 0x0A, 0x0A, 0xFF, 0x0A, 0x0A, 0x0A, 0xFF, 0x0A, 0x0A, 0x0A, 0xFF,
        0x0A, 0x0A, 0x0A, 0xFF, 0x0A, 0x0A, 0x0A, 0xFF, 0x0A, 0x0A, 0x0A, 0xFF, 0x0A, 0x0A, 0x0A, 0xFF,
        0x0A, 0x0A, 0x0A, 0xFF, 0x0A, 0x0A, 0x0A, 0xFF, 0x0A, 0x0A, 0x0A, 0xFF, 0x0A, 0x0A, 0x0A, 0xFF,
        0x0A, 0x0A, 0x0A, 0xFF, 0x0A, 0x0A, 0x0A, 0xFF, 0x0A, 0x0A, 0x0A, 0xFF, 0x0A, 0x0A, 0x0A, 0xFF,
        0x0A, 0x0A, 0x0A, 0xFF, 0x0A, 0x0A, 0x0A, 0xFF, 0x0A, 0x0A, 0x0A, 0xFF, 0x0A, 0x0A, 0x0A, 0xFF,
        0x0A, 0x0A, 0x0A, 0xFF, 0x0A, 0x0A, 0x0A, 0xFF, 0x0A, 0x0A, 0x0A, 0xFF, 0x0A, 0x0A, 0x0A, 0xFF,
        0x0A, 0x0A, 0x0A, 0xFF, 0x0A, 0x0A, 0x0A, 0xFF, 0x0A, 0x0A, 0x0A, 0xFF, 0x0A, 0x0A, 0x0A, 0xFF,
        0x0A, 0x0A, 0x0A, 0xFF, 0x0A, 0x0A, 0x0A, 0xFF, 0x0A, 0x0A, 0x0A, 0xFF, 0x0A, 0x0A, 0x0A, 0xFF,
        0x0A, 0x0A, 0x0A, 0xFF, 0xFF, 0xFF, 0xFF, 0xFF, 0xFF, 0xFF, 0xFF, 0xFF, 0xFF, 0xFF, 0xFF, 0xFF,
        0xFF, 0xFF, 0xFF, 0xFF, 0xFF, 0xFF, 0xFF, 0xFF, 0xFF, 0xFF, 0xFF, 0xFF, 0xFF, 0xFF, 0xFF, 0xFF,
        0xFF, 0xFF, 0xFF, 0xFF, 0xFF, 0xFF, 0xFF, 0xFF, 0x0A, 0x0A, 0x0A, 0xFF, 0x0A, 0x0A, 0x0A, 0xFF,
        0x0A, 0x0A, 0x0A, 0xFF, 0xFF, 0xFF, 0xFF, 0xFF, 0xFF, 0xFF, 0xFF, 0xFF, 0xFF, 0xFF, 0xFF, 0xFF,
        0xFF, 0xFF, 0xFF, 0xFF, 0xFF, 0xFF, 0xFF, 0xFF, 0x0A, 0x0A, 0x0A, 0xFF, 0xFF, 0xFF, 0xFF, 0xFF,
        0xFF, 0xFF, 0xFF, 0xFF, 0xFF, 0xFF, 0xFF, 0xFF, 0xFF, 0xFF, 0xFF, 0xFF, 0xFF, 0xFF, 0xFF, 0xFF,
        0x0A, 0x0A, 0x0A, 0xFF, 0x0A, 0x0A, 0x0A, 0xFF, 0x0A, 0x0A, 0x0A, 0xFF, 0x0A, 0x0A, 0x0A, 0xFF,
        0x0A, 0x0A, 0x0A, 0xFF, 0x0A, 0x0A, 0x0A, 0xFF, 0x0A, 0x0A, 0x0A, 0xFF, 0x0A, 0x0A, 0x0A, 0xFF,
        0x0A, 0x0A, 0x0A, 0xFF, 0x0A, 0x0A, 0x0A, 0xFF, 0x0A, 0x0A, 0x0A, 0xFF, 0x0A, 0x0A, 0x0A, 0xFF,
        0x0A, 0x0A, 0x0A, 0xFF, 0x0A, 0x0A, 0x0A, 0xFF, 0x0A, 0x0A, 0x0A, 0xFF, 0x0A, 0x0A, 0x0A, 0xFF,
        0x0A, 0x0A, 0x0A, 0xFF, 0x0A, 0x0A, 0x0A, 0xFF, 0x0A, 0x0A, 0x0A, 0xFF, 0x0A, 0x0A, 0x0A, 0xFF,
        0x0A, 0x0A, 0x0A, 0xFF, 0x0A, 0x0A, 0x0A, 0xFF, 0x0A, 0x0A, 0x0A, 0xFF, 0x0A, 0x0A, 0x0A, 0xFF,
        0x0A, 0x0A, 0x0A, 0xFF, 0x0A, 0x0A, 0x0A, 0xFF, 0x0A, 0x0A, 0x0A, 0xFF, 0x0A, 0x0A, 0x0A, 0xFF,
        0x0A, 0x0A, 0x0A, 0xFF, 0x0A, 0x0A, 0x0A, 0xFF, 0x0A, 0x0A, 0x0A, 0xFF, 0x0A, 0x0A, 0x0A, 0xFF,
        0x0A, 0x0A, 0x0A, 0xFF, 0x0A, 0x0A, 0x0A, 0xFF, 0x0A, 0x0A, 0x0A, 0xFF, 0x0A, 0x0A, 0x0A, 0xFF,
        0x0A, 0x0A, 0x0A, 0xFF, 0x0A, 0x0A, 0x0A, 0xFF, 0x0A, 0x0A, 0x0A, 0xFF, 0x0A, 0x0A, 0x0A, 0xFF,
        0x0A, 0x0A, 0x0A, 0xFF, 0xFF, 0xFF, 0xFF, 0xFF, 0xFF, 0xFF, 0xFF, 0xFF, 0xFF, 0xFF, 0xFF, 0xFF,
        0xFF, 0xFF, 0xFF, 0xFF, 0xFF, 0xFF, 0xFF, 0xFF, 0xFF, 0xFF, 0xFF, 0xFF, 0xFF, 0xFF, 0xFF, 0xFF,
        0xFF, 0xFF, 0xFF, 0xFF, 0xFF, 0xFF, 0xFF, 0xFF, 0xFF, 0xFF, 0xFF, 0xFF, 0x0A, 0x0A, 0x0A, 0xFF,
        0x0A, 0x0A, 0x0A, 0xFF, 0xFF, 0xFF, 0xFF, 0xFF, 0xFF, 0xFF, 0xFF, 0xFF, 0xFF, 0xFF, 0xFF, 0xFF,
        0xFF, 0xFF, 0xFF, 0xFF, 0xFF, 0xFF, 0xFF, 0xFF, 0x0A, 0x0A, 0x0A, 0xFF, 0xFF, 0xFF, 0xFF, 0xFF,
        0xFF, 0xFF, 0xFF, 0xFF, 0xFF, 0xFF, 0xFF, 0xFF, 0xFF, 0xFF, 0xFF, 0xFF, 0xFF, 0xFF, 0xFF, 0xFF,
        0x0A, 0x0A, 0x0A, 0xFF, 0x0A, 0x0A, 0x0A, 0xFF, 0x0A, 0x0A, 0x0A, 0xFF, 0x0A, 0x0A, 0x0A, 0xFF,
        0x0A, 0x0A, 0x0A, 0xFF, 0x0A, 0x0A, 0x0A, 0xFF, 0x0A, 0x0A, 0x0A, 0xFF, 0x0A, 0x0A, 0x0A, 0xFF,
        0x0A, 0x0A, 0x0A, 0xFF, 0x0A, 0x0A, 0x0A, 0xFF, 0x0A, 0x0A, 0x0A, 0xFF, 0x0A, 0x0A, 0x0A, 0xFF,
        0x0A, 0x0A, 0x0A, 0xFF, 0x0A, 0x0A, 0x0A, 0xFF, 0x0A, 0x0A, 0x0A, 0xFF, 0x0A, 0x0A, 0x0A, 0xFF,
        0x0A, 0x0A, 0x0A, 0xFF, 0x0A, 0x0A, 0x0A, 0xFF, 0x0A, 0x0A, 0x0A, 0xFF, 0x0A, 0x0A, 0x0A, 0xFF,
        0x0A, 0x0A, 0x0A, 0xFF, 0x0A, 0x0A, 0x0A, 0xFF, 0x0A, 0x0A, 0x0A, 0xFF, 0x0A, 0x0A, 0x0A, 0xFF,
        0x0A, 0x0A, 0x0A, 0xFF, 0x0A, 0x0A, 0x0A, 0xFF, 0x0A, 0x0A, 0x0A, 0xFF, 0x0A, 0x0A, 0x0A, 0xFF,
        0x0A, 0x0A, 0x0A, 0xFF, 0x0A, 0x0A, 0x0A, 0xFF, 0x0A, 0x0A, 0x0A, 0xFF, 0x0A, 0x0A, 0x0A, 0xFF,
        0x0A, 0x0A, 0x0A, 0xFF, 0x0A, 0x0A, 0x0A, 0xFF, 0x0A, 0x0A, 0x0A, 0xFF, 0x0A, 0x0A, 0x0A, 0xFF,
        0x0A, 0x0A, 0x0A, 0xFF, 0x0A, 0x0A, 0x0A, 0xFF, 0x0A, 0x0A, 0x0A, 0xFF, 0x0A, 0x0A, 0x0A, 0xFF,
        0xFF, 0xFF, 0xFF, 0xFF, 0xFF, 0xFF, 0xFF, 0xFF, 0xFF, 0xFF, 0xFF, 0xFF, 0xFF, 0xFF, 0xFF, 0xFF,
        0xFF, 0xFF, 0xFF, 0xFF, 0x0A, 0x0A, 0x0A, 0xFF, 0xFF, 0xFF, 0xFF, 0xFF, 0xFF, 0xFF, 0xFF, 0xFF,
        0xFF, 0xFF, 0xFF, 0xFF, 0xFF, 0xFF, 0xFF, 0xFF, 0xFF, 0xFF, 0xFF, 0xFF, 0x0A, 0x0A, 0x0A, 0xFF,
        0xFF, 0xFF, 0xFF, 0xFF, 0xFF, 0xFF, 0xFF, 0xFF, 0xFF, 0xFF, 0xFF, 0xFF, 0xFF, 0xFF, 0xFF, 0xFF,
        0xFF, 0xFF, 0xFF, 0xFF, 0x0A, 0x0A, 0x0A, 0xFF, 0x0A, 0x0A, 0x0A, 0xFF, 0xFF, 0xFF, 0xFF, 0xFF,
        0xFF, 0xFF, 0xFF, 0xFF, 0xFF, 0xFF, 0xFF, 0xFF, 0xFF, 0xFF, 0xFF, 0xFF, 0xFF, 0xFF, 0xFF, 0xFF,
        0x0A, 0x0A, 0x0A, 0xFF, 0x0A, 0x0A, 0x0A, 0xFF, 0x0A, 0x0A, 0x0A, 0xFF, 0x0A, 0x0A, 0x0A, 0xFF,
        0x0A, 0x0A, 0x0A, 0xFF, 0x0A, 0x0A, 0x0A, 0xFF, 0x0A, 0x0A, 0x0A, 0xFF, 0x0A, 0x0A, 0x0A, 0xFF,
        0x0A, 0x0A, 0x0A, 0xFF, 0x0A, 0x0A, 0x0A, 0xFF, 0x0A, 0x0A, 0x0A, 0xFF, 0x0A, 0x0A, 0x0A, 0xFF,
        0x0A, 0x0A, 0x0A, 0xFF, 0x0A, 0x0A, 0x0A, 0xFF, 0x0A, 0x0A, 0x0A, 0xFF, 0x0A, 0x0A, 0x0A, 0xFF,
        0x0A, 0x0A, 0x0A, 0xFF, 0x0A, 0x0A, 0x0A, 0xFF, 0x0A, 0x0A, 0x0A, 0xFF, 0x0A, 0x0A, 0x0A, 0xFF,
        0x0A, 0x0A, 0x0A, 0xFF, 0x0A, 0x0A, 0x0A, 0xFF, 0x0A, 0x0A, 0x0A, 0xFF, 0x0A, 0x0A, 0x0A, 0xFF,
        0x0A, 0x0A, 0x0A, 0xFF, 0x0A, 0x0A, 0x0A, 0xFF, 0xFF, 0xFF, 0xFF, 0xFF, 0xFF, 0xFF, 0xFF, 0xFF,
        0xFF, 0xFF, 0xFF, 0xFF, 0xFF, 0xFF, 0xFF, 0xFF, 0xFF, 0xFF, 0xFF, 0xFF, 0xFF, 0xFF, 0xFF, 0xFF,
        0xFF, 0xFF, 0xFF, 0xFF, 0xFF, 0xFF, 0xFF, 0xFF, 0xFF, 0xFF, 0xFF, 0xFF, 0xFF, 0xFF, 0xFF, 0xFF,
        0xFF, 0xFF, 0xFF, 0xFF, 0xFF, 0xFF, 0xFF, 0xFF, 0xFF, 0xFF, 0xFF, 0xFF, 0xFF, 0xFF, 0xFF, 0xFF,
        0xFF, 0xFF, 0xFF, 0xFF, 0xFF, 0xFF, 0xFF, 0xFF, 0xFF, 0xFF, 0xFF, 0xFF, 0xFF, 0xFF, 0xFF, 0xFF,
        0xFF, 0xFF, 0xFF, 0xFF, 0x0A, 0x0A, 0x0A, 0xFF, 0xFF, 0xFF, 0xFF, 0xFF, 0xFF, 0xFF, 0xFF, 0xFF,
        0xFF, 0xFF, 0xFF, 0xFF, 0xFF, 0xFF, 0xFF, 0xFF, 0xFF, 0xFF, 0xFF, 0xFF, 0x0A, 0x0A, 0x0A, 0xFF,
        0xFF, 0xFF, 0xFF, 0xFF, 0xFF, 0xFF, 0xFF, 0xFF, 0xFF, 0xFF, 0xFF, 0xFF, 0xFF, 0xFF, 0xFF, 0xFF,
        0xFF, 0xFF, 0xFF, 0xFF, 0x0A, 0x0A, 0x0A, 0xFF, 0x0A, 0x0A, 0x0A, 0xFF, 0x0A, 0x0A, 0x0A, 0xFF,
        0xFF, 0xFF, 0xFF, 0xFF, 0xFF, 0xFF, 0xFF, 0xFF, 0xFF, 0xFF, 0xFF, 0xFF, 0xFF, 0xFF, 0xFF, 0xFF,
        0xFF, 0xFF, 0xFF, 0xFF, 0x0A, 0x0A, 0x0A, 0xFF, 0xFF, 0xFF, 0xFF, 0xFF, 0xFF, 0xFF, 0xFF, 0xFF,
        0xFF, 0xFF, 0xFF, 0xFF, 0xFF, 0xFF, 0xFF, 0xFF, 0xFF, 0xFF, 0xFF, 0xFF, 0xFF, 0xFF, 0xFF, 0xFF,
        0xFF, 0xFF, 0xFF, 0xFF, 0xFF, 0xFF, 0xFF, 0xFF, 0xFF, 0xFF, 0xFF, 0xFF, 0xFF, 0xFF, 0xFF, 0xFF,
        0xFF, 0xFF, 0xFF, 0xFF, 0xFF, 0xFF, 0xFF, 0xFF, 0xFF, 0xFF, 0xFF, 0xFF, 0xFF, 0xFF, 0xFF, 0xFF,
        0xFF, 0xFF, 0xFF, 0xFF, 0xFF, 0xFF, 0xFF, 0xFF, 0xFF, 0xFF, 0xFF, 0xFF, 0xFF, 0xFF, 0xFF, 0xFF,
        0xFF, 0xFF, 0xFF, 0xFF, 0xFF, 0xFF, 0xFF, 0xFF, 0x0A, 0x0A, 0x0A, 0xFF, 0x0A, 0x0A, 0x0A, 0xFF,
        0x0A, 0x0A, 0x0A, 0xFF, 0x0A, 0x0A, 0x0A, 0xFF, 0xFF, 0xFF, 0xFF, 0xFF, 0xFF, 0xFF, 0xFF, 0xFF,
        0xFF, 0xFF, 0xFF, 0xFF, 0xFF, 0xFF, 0xFF, 0xFF, 0xFF, 0xFF, 0xFF, 0xFF, 0xFF, 0xFF, 0xFF, 0xFF,
        0xFF, 0xFF, 0xFF, 0xFF, 0xFF, 0xFF, 0xFF, 0xFF, 0xFF, 0xFF, 0xFF, 0xFF, 0xFF, 0xFF, 0xFF, 0xFF,
        0xFF, 0xFF, 0xFF, 0xFF, 0xFF, 0xFF, 0xFF, 0xFF, 0xFF, 0xFF, 0xFF, 0xFF, 0xFF, 0xFF, 0xFF, 0xFF,
        0xFF, 0xFF, 0xFF, 0xFF, 0xFF, 0xFF, 0xFF, 0xFF, 0xFF, 0xFF, 0xFF, 0xFF, 0xFF, 0xFF, 0xFF, 0xFF,
        0xFF, 0xFF, 0xFF, 0xFF, 0x0A, 0x0A, 0x0A, 0xFF, 0xFF, 0xFF, 0xFF, 0xFF, 0xFF, 0xFF, 0xFF, 0xFF,
        0xFF, 0xFF, 0xFF, 0xFF, 0xFF, 0xFF, 0xFF, 0xFF, 0xFF, 0xFF, 0xFF, 0xFF, 0x0A, 0x0A, 0x0A, 0xFF,
        0xFF, 0xFF, 0xFF, 0xFF, 0xFF, 0xFF, 0xFF, 0xFF, 0xFF, 0xFF, 0xFF, 0xFF, 0xFF, 0xFF, 0xFF, 0xFF,
        0xFF, 0xFF, 0xFF, 0xFF, 0x0A, 0x0A, 0x0A, 0xFF, 0x0A, 0x0A, 0x0A, 0xFF, 0x0A, 0x0A, 0x0A, 0xFF,
        0xFF, 0xFF, 0xFF, 0xFF, 0xFF, 0xFF, 0xFF, 0xFF, 0xFF, 0xFF, 0xFF, 0xFF, 0xFF, 0xFF, 0xFF, 0xFF,
        0xFF, 0xFF, 0xFF, 0xFF, 0xFF, 0xFF, 0xFF, 0xFF, 0xFF, 0xFF, 0xFF, 0xFF, 0xFF, 0xFF, 0xFF, 0xFF,
        0xFF, 0xFF, 0xFF, 0xFF, 0xFF, 0xFF, 0xFF, 0xFF, 0xFF, 0xFF, 0xFF, 0xFF, 0xFF, 0xFF, 0xFF, 0xFF,
        0xFF, 0xFF, 0xFF, 0xFF, 0xFF, 0xFF, 0xFF, 0xFF, 0xFF, 0xFF, 0xFF, 0xFF, 0xFF, 0xFF, 0xFF, 0xFF,
        0xFF, 0xFF, 0xFF, 0xFF, 0xFF, 0xFF, 0xFF, 0xFF, 0xFF, 0xFF, 0xFF, 0xFF, 0xFF, 0xFF, 0xFF, 0xFF,
        0xFF, 0xFF, 0xFF, 0xFF, 0xFF, 0xFF, 0xFF, 0xFF, 0xFF, 0xFF, 0xFF, 0xFF, 0xFF, 0xFF, 0xFF, 0xFF,
        0xFF, 0xFF, 0xFF, 0xFF, 0xFF, 0xFF, 0xFF, 0xFF, 0x0A, 0x0A, 0x0A, 0xFF, 0x0A, 0x0A, 0x0A, 0xFF,
        0x0A, 0x0A, 0x0A, 0xFF, 0x0A, 0x0A, 0x0A, 0xFF, 0xFF, 0xFF, 0xFF, 0xFF, 0xFF, 0xFF, 0xFF, 0xFF,
        0xFF, 0xFF, 0xFF, 0xFF, 0xFF, 0xFF, 0xFF, 0xFF, 0xFF, 0xFF, 0xFF, 0xFF, 0xFF, 0xFF, 0xFF, 0xFF,
        0xFF, 0xFF, 0xFF, 0xFF, 0xFF, 0xFF, 0xFF, 0xFF, 0xFF, 0xFF, 0xFF, 0xFF, 0xFF, 0xFF, 0xFF, 0xFF,
        0xFF, 0xFF, 0xFF, 0xFF, 0xFF, 0xFF, 0xFF, 0xFF, 0xFF, 0xFF, 0xFF, 0xFF, 0xFF, 0xFF, 0xFF, 0xFF,
        0xFF, 0xFF, 0xFF, 0xFF, 0xFF, 0xFF, 0xFF, 0xFF, 0xFF, 0xFF, 0xFF, 0xFF, 0xFF, 0xFF, 0xFF, 0xFF,
        0x0A, 0x0A, 0x0A, 0xFF, 0x0A, 0x0A, 0x0A, 0xFF, 0x0A, 0x0A, 0x0A, 0xFF, 0xFF, 0xFF, 0xFF, 0xFF,
        0xFF, 0xFF, 0xFF, 0xFF, 0xFF, 0xFF, 0xFF, 0xFF, 0xFF, 0xFF, 0xFF, 0xFF, 0xFF, 0xFF, 0xFF, 0xFF,
        0xFF, 0xFF, 0xFF, 0xFF, 0xFF, 0xFF, 0xFF, 0xFF, 0xFF, 0xFF, 0xFF, 0xFF, 0xFF, 0xFF, 0xFF, 0xFF,
        0xFF, 0xFF, 0xFF, 0xFF, 0x0A, 0x0A, 0x0A, 0xFF, 0x0A, 0x0A, 0x0A, 0xFF, 0x0A, 0x0A, 0x0A, 0xFF,
        0xFF, 0xFF, 0xFF, 0xFF, 0xFF, 0xFF, 0xFF, 0xFF, 0xFF, 0xFF, 0xFF, 0xFF, 0xFF, 0xFF, 0xFF, 0xFF,
        0xFF, 0xFF, 0xFF, 0xFF, 0xFF, 0xFF, 0xFF, 0xFF, 0xFF, 0xFF, 0xFF, 0xFF, 0xFF, 0xFF, 0xFF, 0xFF,
        0xFF, 0xFF, 0xFF, 0xFF, 0xFF, 0xFF, 0xFF, 0xFF, 0xFF, 0xFF, 0xFF, 0xFF, 0xFF, 0xFF, 0xFF, 0xFF,
        0xFF, 0xFF, 0xFF, 0xFF, 0xFF, 0xFF, 0xFF, 0xFF, 0xFF, 0xFF, 0xFF, 0xFF, 0xFF, 0xFF, 0xFF, 0xFF,
        0xFF, 0xFF, 0xFF, 0xFF, 0xFF, 0xFF, 0xFF, 0xFF, 0xFF, 0xFF, 0xFF, 0xFF, 0xFF, 0xFF, 0xFF, 0xFF,
        0xFF, 0xFF, 0xFF, 0xFF, 0xFF, 0xFF, 0xFF, 0xFF, 0xFF, 0xFF, 0xFF, 0xFF, 0xFF, 0xFF, 0xFF, 0xFF,
        0xFF, 0xFF, 0xFF, 0xFF, 0xFF, 0xFF, 0xFF, 0xFF, 0x0A, 0x0A, 0x0A, 0xFF, 0x0A, 0x0A, 0x0A, 0xFF,
        0x0A, 0x0A, 0x0A, 0xFF, 0x0A, 0x0A, 0x0A, 0xFF, 0xFF, 0xFF, 0xFF, 0xFF, 0xFF, 0xFF, 0xFF, 0xFF,
        0xFF, 0xFF, 0xFF, 0xFF, 0xFF, 0xFF, 0xFF, 0xFF, 0xFF, 0xFF, 0xFF, 0xFF, 0xFF, 0xFF, 0xFF, 0xFF,
        0xFF, 0xFF, 0xFF, 0xFF, 0xFF, 0xFF, 0xFF, 0xFF, 0xFF, 0xFF, 0xFF, 0xFF, 0xFF, 0xFF, 0xFF, 0xFF,
        0xFF, 0xFF, 0xFF, 0xFF, 0xFF, 0xFF, 0xFF, 0xFF, 0xFF, 0xFF, 0xFF, 0xFF, 0xFF, 0xFF, 0xFF, 0xFF,
        0xFF, 0xFF, 0xFF, 0xFF, 0xFF, 0xFF, 0xFF, 0xFF, 0xFF, 0xFF, 0xFF, 0xFF, 0xFF, 0xFF, 0xFF, 0xFF,
        0x0A, 0x0A, 0x0A, 0xFF, 0x0A, 0x0A, 0x0A, 0xFF, 0x0A, 0x0A, 0x0A, 0xFF, 0xFF, 0xFF, 0xFF, 0xFF,
        0xFF, 0xFF, 0xFF, 0xFF, 0xFF, 0xFF, 0xFF, 0xFF, 0xFF, 0xFF, 0xFF, 0xFF, 0xFF, 0xFF, 0xFF, 0xFF,
        0xFF, 0xFF, 0xFF, 0xFF, 0xFF, 0xFF, 0xFF, 0xFF, 0xFF, 0xFF, 0xFF, 0xFF, 0xFF, 0xFF, 0xFF, 0xFF,
        0xFF, 0xFF, 0xFF, 0xFF, 0x0A, 0x0A, 0x0A, 0xFF, 0x0A, 0x0A, 0x0A, 0xFF, 0x0A, 0x0A, 0x0A, 0xFF,
        0xFF, 0xFF, 0xFF, 0xFF, 0xFF, 0xFF, 0xFF, 0xFF, 0xFF, 0xFF, 0xFF, 0xFF, 0xFF, 0xFF, 0xFF, 0xFF,
        0xFF, 0xFF, 0xFF, 0xFF, 0xFF, 0xFF, 0xFF, 0xFF, 0xFF, 0xFF, 0xFF, 0xFF, 0xFF, 0xFF, 0xFF, 0xFF,
        0xFF, 0xFF, 0xFF, 0xFF, 0xFF, 0xFF, 0xFF, 0xFF, 0xFF, 0xFF, 0xFF, 0xFF, 0xFF, 0xFF, 0xFF, 0xFF,
        0xFF, 0xFF, 0xFF, 0xFF, 0xFF, 0xFF, 0xFF, 0xFF, 0xFF, 0xFF, 0xFF, 0xFF, 0xFF, 0xFF, 0xFF, 0xFF,
        0xFF, 0xFF, 0xFF, 0xFF, 0xFF, 0xFF, 0xFF, 0xFF, 0xFF, 0xFF, 0xFF, 0xFF, 0xFF, 0xFF, 0xFF, 0xFF,
        0xFF, 0xFF, 0xFF, 0xFF, 0xFF, 0xFF, 0xFF, 0xFF, 0xFF, 0xFF, 0xFF, 0xFF, 0xFF, 0xFF, 0xFF, 0xFF,
        0xFF, 0xFF, 0xFF, 0xFF, 0xFF, 0xFF, 0xFF, 0xFF, 0x0A, 0x0A, 0x0A, 0xFF, 0x0A, 0x0A, 0x0A, 0xFF,
        0x0A, 0x0A, 0x0A, 0xFF, 0x0A, 0x0A, 0x0A, 0xFF, 0x0A, 0x0A, 0x0A, 0xFF, 0x0A, 0x0A, 0x0A, 0xFF,
        0x0A, 0x0A, 0x0A, 0xFF, 0x0A, 0x0A, 0x0A, 0xFF, 0x0A, 0x0A, 0x0A, 0xFF, 0x0A, 0x0A, 0x0A, 0xFF,
        0x0A, 0x0A, 0x0A, 0xFF, 0x0A, 0x0A, 0x0A, 0xFF, 0x0A, 0x0A, 0x0A, 0xFF, 0x0A, 0x0A, 0x0A, 0xFF,
        0x0A, 0x0A, 0x0A, 0xFF, 0x0A, 0x0A, 0x0A, 0xFF, 0x0A, 0x0A, 0x0A, 0xFF, 0x0A, 0x0A, 0x0A, 0xFF,
        0x0A, 0x0A, 0x0A, 0xFF, 0x0A, 0x0A, 0x0A, 0xFF, 0x0A, 0x0A, 0x0A, 0xFF, 0x0A, 0x0A, 0x0A, 0xFF,
        0x0A, 0x0A, 0x0A, 0xFF, 0x0A, 0x0A, 0x0A, 0xFF, 0x0A, 0x0A, 0x0A, 0xFF, 0xFF, 0xFF, 0xFF, 0xFF,
        0xFF, 0xFF, 0xFF, 0xFF, 0xFF, 0xFF, 0xFF, 0xFF, 0xFF, 0xFF, 0xFF, 0xFF, 0xFF, 0xFF, 0xFF, 0xFF,
        0xFF, 0xFF, 0xFF, 0xFF, 0xFF, 0xFF, 0xFF, 0xFF, 0xFF, 0xFF, 0xFF, 0xFF, 0xFF, 0xFF, 0xFF, 0xFF,
        0x0A, 0x0A, 0x0A, 0xFF, 0x0A, 0x0A, 0x0A, 0xFF, 0x0A, 0x0A, 0x0A, 0xFF, 0x0A, 0x0A, 0x0A, 0xFF,
        0x0A, 0x0A, 0x0A, 0xFF, 0xFF, 0xFF, 0xFF, 0xFF, 0xFF, 0xFF, 0xFF, 0xFF, 0xFF, 0xFF, 0xFF, 0xFF,
        0xFF, 0xFF, 0xFF, 0xFF, 0xFF, 0xFF, 0xFF, 0xFF, 0xFF, 0xFF, 0xFF, 0xFF, 0xFF, 0xFF, 0xFF, 0xFF,
        0xFF, 0xFF, 0xFF, 0xFF, 0x0A, 0x0A, 0x0A, 0xFF, 0x0A, 0x0A, 0x0A, 0xFF, 0x0A, 0x0A, 0x0A, 0xFF,
        0x0A, 0x0A, 0x0A, 0xFF, 0x0A, 0x0A, 0x0A, 0xFF, 0x0A, 0x0A, 0x0A, 0xFF, 0x0A, 0x0A, 0x0A, 0xFF,
        0x0A, 0x0A, 0x0A, 0xFF, 0x0A, 0x0A, 0x0A, 0xFF, 0x0A, 0x0A, 0x0A, 0xFF, 0x0A, 0x0A, 0x0A, 0xFF,
        0x0A, 0x0A, 0x0A, 0xFF, 0x0A, 0x0A, 0x0A, 0xFF, 0x0A, 0x0A, 0x0A, 0xFF, 0x0A, 0x0A, 0x0A, 0xFF,
        0x0A, 0x0A, 0x0A, 0xFF, 0x0A, 0x0A, 0x0A, 0xFF, 0x0A, 0x0A, 0x0A, 0xFF, 0x0A, 0x0A, 0x0A, 0xFF,
        0x0A, 0x0A, 0x0A, 0xFF, 0x0A, 0x0A, 0x0A, 0xFF, 0x0A, 0x0A, 0x0A, 0xFF, 0x0A, 0x0A, 0x0A, 0xFF,
        0x0A, 0x0A, 0x0A, 0xFF, 0x0A, 0x0A, 0x0A, 0xFF, 0x0A, 0x0A, 0x0A, 0xFF, 0x0A, 0x0A, 0x0A, 0xFF,
        0x0A, 0x0A, 0x0A, 0xFF, 0x0A, 0x0A, 0x0A, 0xFF, 0x0A, 0x0A, 0x0A, 0xFF, 0x0A, 0x0A, 0x0A, 0xFF,
        0x0A, 0x0A, 0x0A, 0xFF, 0x0A, 0x0A, 0x0A, 0xFF, 0x0A, 0x0A, 0x0A, 0xFF, 0x0A, 0x0A, 0x0A, 0xFF,
        0x0A, 0x0A, 0x0A, 0xFF, 0x0A, 0x0A, 0x0A, 0xFF, 0x0A, 0x0A, 0x0A, 0xFF, 0x0A, 0x0A, 0x0A, 0xFF,
        0x0A, 0x0A, 0x0A, 0xFF, 0x0A, 0x0A, 0x0A, 0xFF, 0x0A, 0x0A, 0x0A, 0xFF, 0xFF, 0xFF, 0xFF, 0xFF,
        0xFF, 0xFF, 0xFF, 0xFF, 0xFF, 0xFF, 0xFF, 0xFF, 0xFF, 0xFF, 0xFF, 0xFF, 0xFF, 0xFF, 0xFF, 0xFF,
        0xFF, 0xFF, 0xFF, 0xFF, 0xFF, 0xFF, 0xFF, 0xFF, 0xFF, 0xFF, 0xFF, 0xFF, 0xFF, 0xFF, 0xFF, 0xFF,
        0x0A, 0x0A, 0x0A, 0xFF, 0x0A, 0x0A, 0x0A, 0xFF, 0x0A, 0x0A, 0x0A, 0xFF, 0x0A, 0x0A, 0x0A, 0xFF,
        0x0A, 0x0A, 0x0A, 0xFF, 0xFF, 0xFF, 0xFF, 0xFF, 0xFF, 0xFF, 0xFF, 0xFF, 0xFF, 0xFF, 0xFF, 0xFF,
        0xFF, 0xFF, 0xFF, 0xFF, 0xFF, 0xFF, 0xFF, 0xFF, 0xFF, 0xFF, 0xFF, 0xFF, 0xFF, 0xFF, 0xFF, 0xFF,
        0xFF, 0xFF, 0xFF, 0xFF, 0x0A, 0x0A, 0x0A, 0xFF, 0x0A, 0x0A, 0x0A, 0xFF, 0x0A, 0x0A, 0x0A, 0xFF,
        0x0A, 0x0A, 0x0A, 0xFF, 0x0A, 0x0A, 0x0A, 0xFF, 0x0A, 0x0A, 0x0A, 0xFF, 0x0A, 0x0A, 0x0A, 0xFF,
        0x0A, 0x0A, 0x0A, 0xFF, 0x0A, 0x0A, 0x0A, 0xFF, 0x0A, 0x0A, 0x0A, 0xFF, 0x0A, 0x0A, 0x0A, 0xFF,
        0x0A, 0x0A, 0x0A, 0xFF, 0x0A, 0x0A, 0x0A, 0xFF, 0x0A, 0x0A, 0x0A, 0xFF, 0x0A, 0x0A, 0x0A, 0xFF,
        0x0A, 0x0A, 0x0A, 0xFF, 0x0A, 0x0A, 0x0A, 0xFF, 0x0A, 0x0A, 0x0A, 0xFF, 0x0A, 0x0A, 0x0A, 0xFF,
        0x0A, 0x0A, 0x0A, 0xFF, 0x0A, 0x0A, 0x0A, 0xFF, 0x0A, 0x0A, 0x0A, 0xFF, 0x0A, 0x0A, 0x0A, 0xFF,
        0x0A, 0x0A, 0x0A, 0xFF, 0x0A, 0x0A, 0x0A, 0xFF, 0x0A, 0x0A, 0x0A, 0xFF, 0x0A, 0x0A, 0x0A, 0xFF,
        0x0A, 0x0A, 0x0A, 0xFF, 0x0A, 0x0A, 0x0A, 0xFF, 0x0A, 0x0A, 0x0A, 0xFF, 0x0A, 0x0A, 0x0A, 0xFF,
        0x0A, 0x0A, 0x0A, 0xFF, 0x0A, 0x0A, 0x0A, 0xFF, 0x0A, 0x0A, 0x0A, 0xFF, 0x0A, 0x0A, 0x0A, 0xFF,
        0x0A, 0x0A, 0x0A, 0xFF, 0x0A, 0x0A, 0x0A, 0xFF, 0x0A, 0x0A, 0x0A, 0xFF, 0x0A, 0x0A, 0x0A, 0xFF,
        0x0A, 0x0A, 0x0A, 0xFF, 0x0A, 0x0A, 0x0A, 0xFF, 0x0A, 0x0A, 0x0A, 0xFF, 0x0A, 0x0A, 0x0A, 0xFF,
        0xFF, 0xFF, 0xFF, 0xFF, 0xFF, 0xFF, 0xFF, 0xFF, 0xFF, 0xFF, 0xFF, 0xFF, 0xFF, 0xFF, 0xFF, 0xFF,
        0xFF, 0xFF, 0xFF, 0xFF, 0xFF, 0xFF, 0xFF, 0xFF, 0xFF, 0xFF, 0xFF, 0xFF, 0xFF, 0xFF, 0xFF, 0xFF,
        0x0A, 0x0A, 0x0A, 0xFF, 0x0A, 0x0A, 0x0A, 0xFF, 0x0A, 0x0A, 0x0A, 0xFF, 0x0A, 0x0A, 0x0A, 0xFF,
        0x0A, 0x0A, 0x0A, 0xFF, 0xFF, 0xFF, 0xFF, 0xFF, 0xFF, 0xFF, 0xFF, 0xFF, 0xFF, 0xFF, 0xFF, 0xFF,
        0xFF, 0xFF, 0xFF, 0xFF, 0xFF, 0xFF, 0xFF, 0xFF, 0xFF, 0xFF, 0xFF, 0xFF, 0xFF, 0xFF, 0xFF, 0xFF,
        0x0A, 0x0A, 0x0A, 0xFF, 0x0A, 0x0A, 0x0A, 0xFF, 0x0A, 0x0A, 0x0A, 0xFF, 0x0A, 0x0A, 0x0A, 0xFF,
        0x0A, 0x0A, 0x0A, 0xFF, 0x0A, 0x0A, 0x0A, 0xFF, 0x0A, 0x0A, 0x0A, 0xFF, 0x0A, 0x0A, 0x0A, 0xFF,
        0x0A, 0x0A, 0x0A, 0xFF, 0x0A, 0x0A, 0x0A, 0xFF, 0x0A, 0x0A, 0x0A, 0xFF, 0x0A, 0x0A, 0x0A, 0xFF,
        0x0A, 0x0A, 0x0A, 0xFF, 0x0A, 0x0A, 0x0A, 0xFF, 0x0A, 0x0A, 0x0A, 0xFF, 0x0A, 0x0A, 0x0A, 0xFF,
        0x0A, 0x0A, 0x0A, 0xFF, 0x0A, 0x0A, 0x0A, 0xFF, 0x0A, 0x0A, 0x0A, 0xFF, 0x0A, 0x0A, 0x0A, 0xFF,
        0x0A, 0x0A, 0x0A, 0xFF, 0x0A, 0x0A, 0x0A, 0xFF, 0x0A, 0x0A, 0x0A, 0xFF, 0x0A, 0x0A, 0x0A, 0xFF,
        0x0A, 0x0A, 0x0A, 0xFF, 0x0A, 0x0A, 0x0A, 0xFF, 0x0A, 0x0A, 0x0A, 0xFF, 0x0A, 0x0A, 0x0A, 0xFF,
        0x0A, 0x0A, 0x0A, 0xFF, 0x0A, 0x0A, 0x0A, 0xFF, 0x0A, 0x0A, 0x0A, 0xFF, 0x0A, 0x0A, 0x0A, 0xFF,
        0x0A, 0x0A, 0x0A, 0xFF, 0x0A, 0x0A, 0x0A, 0xFF, 0x0A, 0x0A, 0x0A, 0xFF, 0x0A, 0x0A, 0x0A, 0xFF,
        0x0A, 0x0A, 0x0A, 0xFF, 0x0A, 0x0A, 0x0A, 0xFF, 0x0A, 0x0A, 0x0A, 0xFF, 0x0A, 0x0A, 0x0A, 0xFF,
        0x0A, 0x0A, 0x0A, 0xFF, 0x0A, 0x0A, 0x0A, 0xFF, 0x0A, 0x0A, 0x0A, 0xFF, 0x0A, 0x0A, 0x0A, 0xFF,
        0xFF, 0xFF, 0xFF, 0xFF, 0xFF, 0xFF, 0xFF, 0xFF, 0xFF, 0xFF, 0xFF, 0xFF, 0xFF, 0xFF, 0xFF, 0xFF,
        0xFF, 0xFF, 0xFF, 0xFF, 0xFF, 0xFF, 0xFF, 0xFF, 0xFF, 0xFF, 0xFF, 0xFF, 0xFF, 0xFF, 0xFF, 0xFF,
        0x0A, 0x0A, 0x0A, 0xFF, 0x0A, 0x0A, 0x0A, 0xFF, 0x0A, 0x0A, 0x0A, 0xFF, 0x0A, 0x0A, 0x0A, 0xFF,
        0x0A, 0x0A, 0x0A, 0xFF, 0xFF, 0xFF, 0xFF, 0xFF, 0xFF, 0xFF, 0xFF, 0xFF, 0xFF, 0xFF, 0xFF, 0xFF,
        0xFF, 0xFF, 0xFF, 0xFF, 0xFF, 0xFF, 0xFF, 0xFF, 0xFF, 0xFF, 0xFF, 0xFF, 0x0A, 0x0A, 0x0A, 0xFF,
        0x0A, 0x0A, 0x0A, 0xFF, 0x0A, 0x0A, 0x0A, 0xFF, 0x0A, 0x0A, 0x0A, 0xFF, 0x0A, 0x0A, 0x0A, 0xFF,
        0x0A, 0x0A, 0x0A, 0xFF, 0x0A, 0x0A, 0x0A, 0xFF, 0x0A, 0x0A, 0x0A, 0xFF, 0x0A, 0x0A, 0x0A, 0xFF,
        0x0A, 0x0A, 0x0A, 0xFF, 0x0A, 0x0A, 0x0A, 0xFF, 0x0A, 0x0A, 0x0A, 0xFF, 0x0A, 0x0A, 0x0A, 0xFF,
        0x0A, 0x0A, 0x0A, 0xFF, 0x0A, 0x0A, 0x0A, 0xFF, 0x0A, 0x0A, 0x0A, 0xFF, 0x0A, 0x0A, 0x0A, 0xFF,
        0x0A, 0x0A, 0x0A, 0xFF, 0x0A, 0x0A, 0x0A, 0xFF, 0x0A, 0x0A, 0x0A, 0xFF, 0x0A, 0x0A, 0x0A, 0xFF,
        0x0A, 0x0A, 0x0A, 0xFF, 0x0A, 0x0A, 0x0A, 0xFF, 0x0A, 0x0A, 0x0A, 0xFF, 0x0A, 0x0A, 0x0A, 0xFF,
        0x0A, 0x0A, 0x0A, 0xFF, 0x0A, 0x0A, 0x0A, 0xFF, 0x0A, 0x0A, 0x0A, 0xFF, 0x0A, 0x0A, 0x0A, 0xFF,
        0x0A, 0x0A, 0x0A, 0xFF, 0x0A, 0x0A, 0x0A, 0xFF, 0x0A, 0x0A, 0x0A, 0xFF, 0x0A, 0x0A, 0x0A, 0xFF,
        0x0A, 0x0A, 0x0A, 0xFF, 0x0A, 0x0A, 0x0A, 0xFF, 0x0A, 0x0A, 0x0A, 0xFF, 0x0A, 0x0A, 0x0A, 0xFF,
        0x0A, 0x0A, 0x0A, 0xFF, 0x0A, 0x0A, 0x0A, 0xFF, 0x0A, 0x0A, 0x0A, 0xFF, 0x0A, 0x0A, 0x0A, 0xFF,
        0x0A, 0x0A, 0x0A, 0xFF, 0x0A, 0x0A, 0x0A, 0xFF, 0x0A, 0x0A, 0x0A, 0xFF, 0x0A, 0x0A, 0x0A, 0xFF,
        0xFF, 0xFF, 0xFF, 0xFF, 0xFF, 0xFF, 0xFF, 0xFF, 0xFF, 0xFF, 0xFF, 0xFF, 0xFF, 0xFF, 0xFF, 0xFF,
        0xFF, 0xFF, 0xFF, 0xFF, 0xFF, 0xFF, 0xFF, 0xFF, 0xFF, 0xFF, 0xFF, 0xFF, 0xFF, 0xFF, 0xFF, 0xFF,
        0x0A, 0x0A, 0x0A, 0xFF, 0x0A, 0x0A, 0x0A, 0xFF, 0x0A, 0x0A, 0x0A, 0xFF, 0x0A, 0x0A, 0x0A, 0xFF,
        0x0A, 0x0A, 0x0A, 0xFF, 0x0A, 0x0A, 0x0A, 0xFF, 0xFF, 0xFF, 0xFF, 0xFF, 0xFF, 0xFF, 0xFF, 0xFF,
        0xFF, 0xFF, 0xFF, 0xFF, 0xFF, 0xFF, 0xFF, 0xFF, 0xFF, 0xFF, 0xFF, 0xFF, 0x0A, 0x0A, 0x0A, 0xFF,
        0x0A, 0x0A, 0x0A, 0xFF, 0x0A, 0x0A, 0x0A, 0xFF, 0x0A, 0x0A, 0x0A, 0xFF, 0x0A, 0x0A, 0x0A, 0xFF,
        0x0A, 0x0A, 0x0A, 0xFF, 0x0A, 0x0A, 0x0A, 0xFF, 0x0A, 0x0A, 0x0A, 0xFF, 0x0A, 0x0A, 0x0A, 0xFF,
        0x0A, 0x0A, 0x0A, 0xFF, 0x0A, 0x0A, 0x0A, 0xFF, 0x0A, 0x0A, 0x0A, 0xFF, 0x0A, 0x0A, 0x0A, 0xFF,
        0x0A, 0x0A, 0x0A, 0xFF, 0x0A, 0x0A, 0x0A, 0xFF, 0x0A, 0x0A, 0x0A, 0xFF, 0x0A, 0x0A, 0x0A, 0xFF,
        0x0A, 0x0A, 0x0A, 0xFF, 0x0A, 0x0A, 0x0A, 0xFF, 0x0A, 0x0A, 0x0A, 0xFF, 0x0A, 0x0A, 0x0A, 0xFF,
        0x0A, 0x0A, 0x0A, 0xFF, 0x0A, 0x0A, 0x0A, 0xFF, 0x0A, 0x0A, 0x0A, 0xFF, 0x0A, 0x0A, 0x0A, 0xFF,
        0x0A, 0x0A, 0x0A, 0xFF, 0x0A, 0x0A, 0x0A, 0xFF, 0x0A, 0x0A, 0x0A, 0xFF, 0x0A, 0x0A, 0x0A, 0xFF,
        0x0A, 0x0A, 0x0A, 0xFF, 0x0A, 0x0A, 0x0A, 0xFF, 0x0A, 0x0A, 0x0A, 0xFF, 0x0A, 0x0A, 0x0A, 0xFF,
        0x0A, 0x0A, 0x0A, 0xFF, 0x0A, 0x0A, 0x0A, 0xFF, 0x0A, 0x0A, 0x0A, 0xFF, 0x0A, 0x0A, 0x0A, 0xFF,
        0x0A, 0x0A, 0x0A, 0xFF, 0x0A, 0x0A, 0x0A, 0xFF, 0x0A, 0x0A, 0x0A, 0xFF, 0x0A, 0x0A, 0x0A, 0xFF,
        0x0A, 0x0A, 0x0A, 0xFF, 0x0A, 0x0A, 0x0A, 0xFF, 0x0A, 0x0A, 0x0A, 0xFF, 0x0A, 0x0A, 0x0A, 0xFF,
        0xFF, 0xFF, 0xFF, 0xFF, 0xFF, 0xFF, 0xFF, 0xFF, 0xFF, 0xFF, 0xFF, 0xFF, 0xFF, 0xFF, 0xFF, 0xFF,
        0xFF, 0xFF, 0xFF, 0xFF, 0xFF, 0xFF, 0xFF, 0xFF, 0xFF, 0xFF, 0xFF, 0xFF, 0x0A, 0x0A, 0x0A, 0xFF,
        0x0A, 0x0A, 0x0A, 0xFF, 0x0A, 0x0A, 0x0A, 0xFF, 0x0A, 0x0A, 0x0A, 0xFF, 0x0A, 0x0A, 0x0A, 0xFF,
        0x0A, 0x0A, 0x0A, 0xFF, 0x0A, 0x0A, 0x0A, 0xFF, 0xFF, 0xFF, 0xFF, 0xFF, 0xFF, 0xFF, 0xFF, 0xFF,
        0xFF, 0xFF, 0xFF, 0xFF, 0xFF, 0xFF, 0xFF, 0xFF, 0x0A, 0x0A, 0x0A, 0xFF, 0x0A, 0x0A, 0x0A, 0xFF,
        0x0A, 0x0A, 0x0A, 0xFF, 0x0A, 0x0A, 0x0A, 0xFF, 0x0A, 0x0A, 0x0A, 0xFF, 0x0A, 0x0A, 0x0A, 0xFF,
        0x0A, 0x0A, 0x0A, 0xFF, 0x0A, 0x0A, 0x0A, 0xFF, 0x0A, 0x0A, 0x0A, 0xFF, 0x0A, 0x0A, 0x0A, 0xFF,
        0x0A, 0x0A, 0x0A, 0xFF, 0x0A, 0x0A, 0x0A, 0xFF, 0x0A, 0x0A, 0x0A, 0xFF, 0x0A, 0x0A, 0x0A, 0xFF,
        0x0A, 0x0A, 0x0A, 0xFF, 0x0A, 0x0A, 0x0A, 0xFF, 0x0A, 0x0A, 0x0A, 0xFF, 0x0A, 0x0A, 0x0A, 0xFF,
        0x0A, 0x0A, 0x0A, 0xFF, 0x0A, 0x0A, 0x0A, 0xFF, 0x0A, 0x0A, 0x0A, 0xFF, 0x0A, 0x0A, 0x0A, 0xFF,
        0x0A, 0x0A, 0x0A, 0xFF, 0x0A, 0x0A, 0x0A, 0xFF, 0x0A, 0x0A, 0x0A, 0xFF, 0x0A, 0x0A, 0x0A, 0xFF,
        0x0A, 0x0A, 0x0A, 0xFF, 0x0A, 0x0A, 0x0A, 0xFF, 0x0A, 0x0A, 0x0A, 0xFF, 0x0A, 0x0A, 0x0A, 0xFF,
        0x0A, 0x0A, 0x0A, 0xFF, 0x0A, 0x0A, 0x0A, 0xFF, 0x0A, 0x0A, 0x0A, 0xFF, 0x0A, 0x0A, 0x0A, 0xFF,
        0x0A, 0x0A, 0x0A, 0xFF, 0x0A, 0x0A, 0x0A, 0xFF, 0x0A, 0x0A, 0x0A, 0xFF, 0x0A, 0x0A, 0x0A, 0xFF,
        0x0A, 0x0A, 0x0A, 0xFF, 0x0A, 0x0A, 0x0A, 0xFF, 0x0A, 0x0A, 0x0A, 0xFF, 0x0A, 0x0A, 0x0A, 0xFF,
        0x0A, 0x0A, 0x0A, 0xFF, 0x0A, 0x0A, 0x0A, 0xFF, 0x0A, 0x0A, 0x0A, 0xFF, 0x0A, 0x0A, 0x0A, 0xFF,
        0x0A, 0x0A, 0x0A, 0xFF, 0xFF, 0xFF, 0xFF, 0xFF, 0xFF, 0xFF, 0xFF, 0xFF, 0xFF, 0xFF, 0xFF, 0xFF,
        0xFF, 0xFF, 0xFF, 0xFF, 0xFF, 0xFF, 0xFF, 0xFF, 0xFF, 0xFF, 0xFF, 0xFF, 0x0A, 0x0A, 0x0A, 0xFF,
        0x0A, 0x0A, 0x0A, 0xFF, 0x0A, 0x0A, 0x0A, 0xFF, 0x0A, 0x0A, 0x0A, 0xFF, 0x0A, 0x0A, 0x0A, 0xFF,
        0x0A, 0x0A, 0x0A, 0xFF, 0x0A, 0x0A, 0x0A, 0xFF, 0x0A, 0x0A, 0x0A, 0xFF, 0x0A, 0x0A, 0x0A, 0xFF,
        0x0A, 0x0A, 0x0A, 0xFF, 0x0A, 0x0A, 0x0A, 0xFF, 0x0A, 0x0A, 0x0A, 0xFF, 0x0A, 0x0A, 0x0A, 0xFF,
        0x0A, 0x0A, 0x0A, 0xFF, 0x0A, 0x0A, 0x0A, 0xFF, 0x0A, 0x0A, 0x0A, 0xFF, 0x0A, 0x0A, 0x0A, 0xFF,
        0x0A, 0x0A, 0x0A, 0xFF, 0x0A, 0x0A, 0x0A, 0xFF, 0x0A, 0x0A, 0x0A, 0xFF, 0x0A, 0x0A, 0x0A, 0xFF,
        0x0A, 0x0A, 0x0A, 0xFF, 0x0A, 0x0A, 0x0A, 0xFF, 0x0A, 0x0A, 0x0A, 0xFF, 0x0A, 0x0A, 0x0A, 0xFF,
        0x0A, 0x0A, 0x0A, 0xFF, 0x0A, 0x0A, 0x0A, 0xFF, 0x0A, 0x0A, 0x0A, 0xFF, 0x0A, 0x0A, 0x0A, 0xFF,
        0x0A, 0x0A, 0x0A, 0xFF, 0x0A, 0x0A, 0x0A, 0xFF, 0x0A, 0x0A, 0x0A, 0xFF, 0x0A, 0x0A, 0x0A, 0xFF,
        0x0A, 0x0A, 0x0A, 0xFF, 0x0A, 0x0A, 0x0A, 0xFF, 0x0A, 0x0A, 0x0A, 0xFF, 0x0A, 0x0A, 0x0A, 0xFF,
        0x0A, 0x0A, 0x0A, 0xFF, 0x0A, 0x0A, 0x0A, 0xFF, 0x0A, 0x0A, 0x0A, 0xFF, 0x0A, 0x0A, 0x0A, 0xFF,
        0x0A, 0x0A, 0x0A, 0xFF, 0x0A, 0x0A, 0x0A, 0xFF, 0x0A, 0x0A, 0x0A, 0xFF, 0x0A, 0x0A, 0x0A, 0xFF,
        0x0A, 0x0A, 0x0A, 0xFF, 0x0A, 0x0A, 0x0A, 0xFF, 0x0A, 0x0A, 0x0A, 0xFF, 0x0A, 0x0A, 0x0A, 0xFF,
        0x0A, 0x0A, 0x0A, 0xFF, 0x0A, 0x0A, 0x0A, 0xFF, 0x0A, 0x0A, 0x0A, 0xFF, 0x0A, 0x0A, 0x0A, 0xFF,
        0x0A, 0x0A, 0x0A, 0xFF, 0x0A, 0x0A, 0x0A, 0xFF, 0x0A, 0x0A, 0x0A, 0xFF, 0x0A, 0x0A, 0x0A, 0xFF,
        0x0A, 0x0A, 0x0A, 0xFF, 0xFF, 0xFF, 0xFF, 0xFF, 0xFF, 0xFF, 0xFF, 0xFF, 0xFF, 0xFF, 0xFF, 0xFF,
        0xFF, 0xFF, 0xFF, 0xFF, 0xFF, 0xFF, 0xFF, 0xFF, 0xFF, 0xFF, 0xFF, 0xFF, 0x0A, 0x0A, 0x0A, 0xFF,
        0x0A, 0x0A, 0x0A, 0xFF, 0x0A, 0x0A, 0x0A, 0xFF, 0x0A, 0x0A, 0x0A, 0xFF, 0x0A, 0x0A, 0x0A, 0xFF,
        0x0A, 0x0A, 0x0A, 0xFF, 0x0A, 0x0A, 0x0A, 0xFF, 0x0A, 0x0A, 0x0A, 0xFF, 0x0A, 0x0A, 0x0A, 0xFF,
        0x0A, 0x0A, 0x0A, 0xFF, 0x0A, 0x0A, 0x0A, 0xFF, 0x0A, 0x0A, 0x0A, 0xFF, 0x0A, 0x0A, 0x0A, 0xFF,
        0x0A, 0x0A, 0x0A, 0xFF, 0x0A, 0x0A, 0x0A, 0xFF, 0x0A, 0x0A, 0x0A, 0xFF, 0x0A, 0x0A, 0x0A, 0xFF,
        0x0A, 0x0A, 0x0A, 0xFF, 0x0A, 0x0A, 0x0A, 0xFF, 0x0A, 0x0A, 0x0A, 0xFF, 0x0A, 0x0A, 0x0A, 0xFF,
        0x0A, 0x0A, 0x0A, 0xFF, 0x0A, 0x0A, 0x0A, 0xFF, 0x0A, 0x0A, 0x0A, 0xFF, 0x0A, 0x0A, 0x0A, 0xFF,
        0x0A, 0x0A, 0x0A, 0xFF, 0x0A, 0x0A, 0x0A, 0xFF, 0x0A, 0x0A, 0x0A, 0xFF, 0x0A, 0x0A, 0x0A, 0xFF,
        0x0A, 0x0A, 0x0A, 0xFF, 0x0A, 0x0A, 0x0A, 0xFF, 0x0A, 0x0A, 0x0A, 0xFF, 0x0A, 0x0A, 0x0A, 0xFF,
        0x0A, 0x0A, 0x0A, 0xFF, 0x0A, 0x0A, 0x0A, 0xFF, 0x0A, 0x0A, 0x0A, 0xFF, 0x0A, 0x0A, 0x0A, 0xFF,
        0x0A, 0x0A, 0x0A, 0xFF, 0x0A, 0x0A, 0x0A, 0xFF, 0x0A, 0x0A, 0x0A, 0xFF, 0x0A, 0x0A, 0x0A, 0xFF,
        0x0A, 0x0A, 0x0A, 0xFF, 0x0A, 0x0A, 0x0A, 0xFF, 0x0A, 0x0A, 0x0A, 0xFF, 0x0A, 0x0A, 0x0A, 0xFF,
        0x0A, 0x0A, 0x0A, 0xFF, 0x0A, 0x0A, 0x0A, 0xFF, 0x0A, 0x0A, 0x0A, 0xFF, 0x0A, 0x0A, 0x0A, 0xFF,
        0x0A, 0x0A, 0x0A, 0xFF, 0x0A, 0x0A, 0x0A, 0xFF, 0x0A, 0x0A, 0x0A, 0xFF, 0x0A, 0x0A, 0x0A, 0xFF,
        0x0A, 0x0A, 0x0A, 0xFF, 0x0A, 0x0A, 0x0A, 0xFF, 0x0A, 0x0A, 0x0A, 0xFF, 0x0A, 0x0A, 0x0A, 0xFF,
        0x0A, 0x0A, 0x0A, 0xFF, 0xFF, 0xFF, 0xFF, 0xFF, 0xFF, 0xFF, 0xFF, 0xFF, 0xFF, 0xFF, 0xFF, 0xFF,
        0xFF, 0xFF, 0xFF, 0xFF, 0xFF, 0xFF, 0xFF, 0xFF, 0xFF, 0xFF, 0xFF, 0xFF, 0x0A, 0x0A, 0x0A, 0xFF,
        0x0A, 0x0A, 0x0A, 0xFF, 0x0A, 0x0A, 0x0A, 0xFF, 0x0A, 0x0A, 0x0A, 0xFF, 0x0A, 0x0A, 0x0A, 0xFF,
        0x0A, 0x0A, 0x0A, 0xFF, 0x0A, 0x0A, 0x0A, 0xFF, 0x0A, 0x0A, 0x0A, 0xFF, 0x0A, 0x0A, 0x0A, 0xFF,
        0x0A, 0x0A, 0x0A, 0xFF, 0x0A, 0x0A, 0x0A, 0xFF, 0x0A, 0x0A, 0x0A, 0xFF, 0x0A, 0x0A, 0x0A, 0xFF,
        0x0A, 0x0A, 0x0A, 0xFF, 0x0A, 0x0A, 0x0A, 0xFF, 0x0A, 0x0A, 0x0A, 0xFF, 0x0A, 0x0A, 0x0A, 0xFF,
        0x0A, 0x0A, 0x0A, 0xFF, 0x0A, 0x0A, 0x0A, 0xFF, 0x0A, 0x0A, 0x0A, 0xFF, 0x0A, 0x0A, 0x0A, 0xFF,
        0x0A, 0x0A, 0x0A, 0xFF, 0x0A, 0x0A, 0x0A, 0xFF, 0x0A, 0x0A, 0x0A, 0xFF, 0x0A, 0x0A, 0x0A, 0xFF,
        0x0A, 0x0A, 0x0A, 0xFF, 0x0A, 0x0A, 0x0A, 0xFF, 0x0A, 0x0A, 0x0A, 0xFF, 0x0A, 0x0A, 0x0A, 0xFF,
        0x0A, 0x0A, 0x0A, 0xFF, 0x0A, 0x0A, 0x0A, 0xFF, 0x0A, 0x0A, 0x0A, 0xFF, 0x0A, 0x0A, 0x0A, 0xFF,
        0x0A, 0x0A, 0x0A, 0xFF, 0x0A, 0x0A, 0x0A, 0xFF, 0x0A, 0x0A, 0x0A, 0xFF, 0x0A, 0x0A, 0x0A, 0xFF,
        0x0A, 0x0A, 0x0A, 0xFF, 0x0A, 0x0A, 0x0A, 0xFF, 0x0A, 0x0A, 0x0A, 0xFF, 0x0A, 0x0A, 0x0A, 0xFF,
        0x0A, 0x0A, 0x0A, 0xFF, 0x0A, 0x0A, 0x0A, 0xFF, 0x0A, 0x0A, 0x0A, 0xFF, 0x0A, 0x0A, 0x0A, 0xFF,
        0x0A, 0x0A, 0x0A, 0xFF, 0x0A, 0x0A, 0x0A, 0xFF, 0x0A, 0x0A, 0x0A, 0xFF, 0x0A, 0x0A, 0x0A, 0xFF,
        0x0A, 0x0A, 0x0A, 0xFF, 0x0A, 0x0A, 0x0A, 0xFF, 0x0A, 0x0A, 0x0A, 0xFF, 0x0A, 0x0A, 0x0A, 0xFF,
        0x0A, 0x0A, 0x0A, 0xFF, 0x0A, 0x0A, 0x0A, 0xFF, 0x0A, 0x0A, 0x0A, 0xFF, 0x0A, 0x0A, 0x0A, 0xFF,
        0x0A, 0x0A, 0x0A, 0xFF, 0xFF, 0xFF, 0xFF, 0xFF, 0xFF, 0xFF, 0xFF, 0xFF, 0xFF, 0xFF, 0xFF, 0xFF,
        0xFF, 0xFF, 0xFF, 0xFF, 0xFF, 0xFF, 0xFF, 0xFF, 0xFF, 0xFF, 0xFF, 0xFF, 0x0A, 0x0A, 0x0A, 0xFF,
        0x0A, 0x0A, 0x0A, 0xFF, 0x0A, 0x0A, 0x0A, 0xFF, 0x0A, 0x0A, 0x0A, 0xFF, 0x0A, 0x0A, 0x0A, 0xFF,
        0x0A, 0x0A, 0x0A, 0xFF, 0x0A, 0x0A, 0x0A, 0xFF, 0x0A, 0x0A, 0x0A, 0xFF, 0x0A, 0x0A, 0x0A, 0xFF,
        0x0A, 0x0A, 0x0A, 0xFF, 0x0A, 0x0A, 0x0A, 0xFF, 0x0A, 0x0A, 0x0A, 0xFF, 0x0A, 0x0A, 0x0A, 0xFF,
        0x0A, 0x0A, 0x0A, 0xFF, 0x0A, 0x0A, 0x0A, 0xFF, 0x0A, 0x0A, 0x0A, 0xFF, 0x0A, 0x0A, 0x0A, 0xFF,
        0x0A, 0x0A, 0x0A, 0xFF, 0x0A, 0x0A, 0x0A, 0xFF, 0x0A, 0x0A, 0x0A, 0xFF, 0x0A, 0x0A, 0x0A, 0xFF,
        0x0A, 0x0A, 0x0A, 0xFF, 0x0A, 0x0A, 0x0A, 0xFF, 0x0A, 0x0A, 0x0A, 0xFF, 0x0A, 0x0A, 0x0A, 0xFF,
        0x0A, 0x0A, 0x0A, 0xFF, 0x0A, 0x0A, 0x0A, 0xFF, 0x0A, 0x0A, 0x0A, 0xFF, 0x0A, 0x0A, 0x0A, 0xFF,
        0x0A, 0x0A, 0x0A, 0xFF, 0x0A, 0x0A, 0x0A, 0xFF, 0x0A, 0x0A, 0x0A, 0xFF, 0x0A, 0x0A, 0x0A, 0xFF,
        0x0A, 0x0A, 0x0A, 0xFF, 0x0A, 0x0A, 0x0A, 0xFF, 0x0A, 0x0A, 0x0A, 0xFF, 0x0A, 0x0A, 0x0A, 0xFF,
        0x0A, 0x0A, 0x0A, 0xFF, 0x0A, 0x0A, 0x0A, 0xFF, 0x0A, 0x0A, 0x0A, 0xFF, 0x0A, 0x0A, 0x0A, 0xFF,
        0x0A, 0x0A, 0x0A, 0xFF, 0x0A, 0x0A, 0x0A, 0xFF, 0x0A, 0x0A, 0x0A, 0xFF, 0x0A, 0x0A, 0x0A, 0xFF,
        0x0A, 0x0A, 0x0A, 0xFF, 0x0A, 0x0A, 0x0A, 0xFF, 0x0A, 0x0A, 0x0A, 0xFF, 0x0A, 0x0A, 0x0A, 0xFF,
        0x0A, 0x0A, 0x0A, 0xFF, 0x0A, 0x0A, 0x0A, 0xFF, 0x0A, 0x0A, 0x0A, 0xFF, 0x0A, 0x0A, 0x0A, 0xFF,
        0x0A, 0x0A, 0x0A, 0xFF, 0x0A, 0x0A, 0x0A, 0xFF, 0x0A, 0x0A, 0x0A, 0xFF, 0x0A, 0x0A, 0x0A, 0xFF,
        0x0A, 0x0A, 0x0A, 0xFF, 0x0A, 0x0A, 0x0A, 0xFF, 0xFF, 0xFF, 0xFF, 0xFF, 0xFF, 0xFF, 0xFF, 0xFF,
        0xFF, 0xFF, 0xFF, 0xFF, 0xFF, 0xFF, 0xFF, 0xFF, 0x0A, 0x0A, 0x0A, 0xFF, 0x0A, 0x0A, 0x0A, 0xFF,
        0x0A, 0x0A, 0x0A, 0xFF, 0x0A, 0x0A, 0x0A, 0xFF, 0x0A, 0x0A, 0x0A, 0xFF, 0x0A, 0x0A, 0x0A, 0xFF,
        0x0A, 0x0A, 0x0A, 0xFF, 0x0A, 0x0A, 0x0A, 0xFF, 0x0A, 0x0A, 0x0A, 0xFF, 0x0A, 0x0A, 0x0A, 0xFF,
        0x0A, 0x0A, 0x0A, 0xFF, 0x0A, 0x0A, 0x0A, 0xFF, 0x0A, 0x0A, 0x0A, 0xFF, 0x0A, 0x0A, 0x0A, 0xFF,
        0x0A, 0x0A, 0x0A, 0xFF, 0x0A, 0x0A, 0x0A, 0xFF, 0x0A, 0x0A, 0x0A, 0xFF, 0x0A, 0x0A, 0x0A, 0xFF,
        0x0A, 0x0A, 0x0A, 0xFF, 0x0A, 0x0A, 0x0A, 0xFF, 0x0A, 0x0A, 0x0A, 0xFF, 0x0A, 0x0A, 0x0A, 0xFF,
        0x0A, 0x0A, 0x0A, 0xFF, 0x0A, 0x0A, 0x0A, 0xFF, 0x0A, 0x0A, 0x0A, 0xFF, 0x0A, 0x0A, 0x0A, 0xFF,
        0x0A, 0x0A, 0x0A, 0xFF, 0x0A, 0x0A, 0x0A, 0xFF, 0x0A, 0x0A, 0x0A, 0xFF, 0x0A, 0x0A, 0x0A, 0xFF,
        0x0A, 0x0A, 0x0A, 0xFF, 0x0A, 0x0A, 0x0A, 0xFF, 0x0A, 0x0A, 0x0A, 0xFF, 0x0A, 0x0A, 0x0A, 0xFF,
        0x0A, 0x0A, 0x0A, 0xFF, 0x0A, 0x0A, 0x0A, 0xFF, 0x0A, 0x0A, 0x0A, 0xFF, 0x0A, 0x0A, 0x0A, 0xFF,
        0x0A, 0x0A, 0x0A, 0xFF, 0x0A, 0x0A, 0x0A, 0xFF, 0x0A, 0x0A, 0x0A, 0xFF, 0x0A, 0x0A, 0x0A, 0xFF,
        0x0A, 0x0A, 0x0A, 0xFF, 0x0A, 0x0A, 0x0A, 0xFF, 0x0A, 0x0A, 0x0A, 0xFF, 0x0A, 0x0A, 0x0A, 0xFF,
        0x0A, 0x0A, 0x0A, 0xFF, 0x0A, 0x0A, 0x0A, 0xFF, 0x0A, 0x0A, 0x0A, 0xFF, 0x0A, 0x0A, 0x0A, 0xFF,
        0x0A, 0x0A, 0x0A, 0xFF, 0x0A, 0x0A, 0x0A, 0xFF, 0x0A, 0x0A, 0x0A, 0xFF, 0x0A, 0x0A, 0x0A, 0xFF,
        0x0A, 0x0A, 0x0A, 0xFF, 0x0A, 0x0A, 0x0A, 0xFF, 0x0A, 0x0A, 0x0A, 0xFF, 0x0A, 0x0A, 0x0A, 0xFF,
        0x0A, 0x0A, 0x0A, 0xFF, 0x0A, 0x0A, 0x0A, 0xFF, 0xFF, 0xFF, 0xFF, 0xFF, 0xFF, 0xFF, 0xFF, 0xFF,
        0xFF, 0xFF, 0xFF, 0xFF, 0xFF, 0xFF, 0xFF, 0xFF, 0x0A, 0x0A, 0x0A, 0xFF, 0x0A, 0x0A, 0x0A, 0xFF,
        0x0A, 0x0A, 0x0A, 0xFF, 0x0A, 0x0A, 0x0A, 0xFF, 0x0A, 0x0A, 0x0A, 0xFF, 0x0A, 0x0A, 0x0A, 0xFF,
        0x0A, 0x0A, 0x0A, 0xFF, 0x0A, 0x0A, 0x0A, 0xFF, 0x0A, 0x0A, 0x0A, 0xFF, 0x0A, 0x0A, 0x0A, 0xFF,
        0x0A, 0x0A, 0x0A, 0xFF, 0x0A, 0x0A, 0x0A, 0xFF, 0x0A, 0x0A, 0x0A, 0xFF, 0x0A, 0x0A, 0x0A, 0xFF,
        0x0A, 0x0A, 0x0A, 0xFF, 0x0A, 0x0A, 0x0A, 0xFF, 0x0A, 0x0A, 0x0A, 0xFF, 0x0A, 0x0A, 0x0A, 0xFF,
        0x0A, 0x0A, 0x0A, 0xFF, 0x0A, 0x0A, 0x0A, 0xFF, 0x0A, 0x0A, 0x0A, 0xFF, 0x0A, 0x0A, 0x0A, 0xFF,
        0x0A, 0x0A, 0x0A, 0xFF, 0x0A, 0x0A, 0x0A, 0xFF, 0x0A, 0x0A, 0x0A, 0xFF, 0x0A, 0x0A, 0x0A, 0xFF,
        0x0A, 0x0A, 0x0A, 0xFF, 0x0A, 0x0A, 0x0A, 0xFF, 0x0A, 0x0A, 0x0A, 0xFF, 0x0A, 0x0A, 0x0A, 0xFF,
        0x0A, 0x0A, 0x0A, 0xFF, 0x0A, 0x0A, 0x0A, 0xFF, 0x0A, 0x0A, 0x0A, 0xFF, 0x0A, 0x0A, 0x0A, 0xFF,
        0x0A, 0x0A, 0x0A, 0xFF, 0x0A, 0x0A, 0x0A, 0xFF, 0x0A, 0x0A, 0x0A, 0xFF, 0x0A, 0x0A, 0x0A, 0xFF,
        0x0A, 0x0A, 0x0A, 0xFF, 0x0A, 0x0A, 0x0A, 0xFF, 0x0A, 0x0A, 0x0A, 0xFF, 0x0A, 0x0A, 0x0A, 0xFF,
        0x0A, 0x0A, 0x0A, 0xFF, 0x0A, 0x0A, 0x0A, 0xFF, 0x0A, 0x0A, 0x0A, 0xFF, 0x0A, 0x0A, 0x0A, 0xFF,
        0x0A, 0x0A, 0x0A, 0xFF, 0x0A, 0x0A, 0x0A, 0xFF, 0x0A, 0x0A, 0x0A, 0xFF, 0x0A, 0x0A, 0x0A, 0xFF,
        0x0A, 0x0A, 0x0A, 0xFF, 0x0A, 0x0A, 0x0A, 0xFF, 0x0A, 0x0A, 0x0A, 0xFF, 0x0A, 0x0A, 0x0A, 0xFF,
        0x0A, 0x0A, 0x0A, 0xFF, 0x0A, 0x0A, 0x0A, 0xFF, 0x0A, 0x0A, 0x0A, 0xFF, 0x0A, 0x0A, 0x0A, 0xFF,
        0x0A, 0x0A, 0x0A, 0xFF, 0x0A, 0x0A, 0x0A, 0xFF, 0x0A, 0x0A, 0x0A, 0xFF, 0x0A, 0x0A, 0x0A, 0xFF,
        0x0A, 0x0A, 0x0A, 0xFF, 0x0A, 0x0A, 0x0A, 0xFF, 0x0A, 0x0A, 0x0A, 0xFF, 0x0A, 0x0A, 0x0A, 0xFF,
        0x0A, 0x0A, 0x0A, 0xFF, 0x0A, 0x0A, 0x0A, 0xFF, 0x0A, 0x0A, 0x0A, 0xFF, 0x0A, 0x0A, 0x0A, 0xFF,
        0x0A, 0x0A, 0x0A, 0xFF, 0x0A, 0x0A, 0x0A, 0xFF, 0x0A, 0x0A, 0x0A, 0xFF, 0x0A, 0x0A, 0x0A, 0xFF,
        0x0A, 0x0A, 0x0A, 0xFF, 0x0A, 0x0A, 0x0A, 0xFF, 0x0A, 0x0A, 0x0A, 0xFF, 0x0A, 0x0A, 0x0A, 0xFF,
        0x0A, 0x0A, 0x0A, 0xFF, 0x0A, 0x0A, 0x0A, 0xFF, 0x0A, 0x0A, 0x0A, 0xFF, 0x0A, 0x0A, 0x0A, 0xFF,
        0x0A, 0x0A, 0x0A, 0xFF, 0x0A, 0x0A, 0x0A, 0xFF, 0x0A, 0x0A, 0x0A, 0xFF, 0x0A, 0x0A, 0x0A, 0xFF,
        0x0A, 0x0A, 0x0A, 0xFF, 0x0A, 0x0A, 0x0A, 0xFF, 0x0A, 0x0A, 0x0A, 0xFF, 0x0A, 0x0A, 0x0A, 0xFF,
        0x0A, 0x0A, 0x0A, 0xFF, 0x0A, 0x0A, 0x0A, 0xFF, 0x0A, 0x0A, 0x0A, 0xFF, 0x0A, 0x0A, 0x0A, 0xFF,
        0x0A, 0x0A, 0x0A, 0xFF, 0x0A, 0x0A, 0x0A, 0xFF, 0x0A, 0x0A, 0x0A, 0xFF, 0x0A, 0x0A, 0x0A, 0xFF,
        0x0A, 0x0A, 0x0A, 0xFF, 0x0A, 0x0A, 0x0A, 0xFF, 0x0A, 0x0A, 0x0A, 0xFF, 0x0A, 0x0A, 0x0A, 0xFF,
        0x0A, 0x0A, 0x0A, 0xFF, 0x0A, 0x0A, 0x0A, 0xFF, 0x0A, 0x0A, 0x0A, 0xFF, 0x0A, 0x0A, 0x0A, 0xFF,
        0x0A, 0x0A, 0x0A, 0xFF, 0x0A, 0x0A, 0x0A, 0xFF, 0x0A, 0x0A, 0x0A, 0xFF, 0x0A, 0x0A, 0x0A, 0xFF,
        0x0A, 0x0A, 0x0A, 0xFF, 0x0A, 0x0A, 0x0A, 0xFF, 0x0A, 0x0A, 0x0A, 0xFF, 0x0A, 0x0A, 0x0A, 0xFF,
        0x0A, 0x0A, 0x0A, 0xFF, 0x0A, 0x0A, 0x0A, 0xFF, 0x0A, 0x0A, 0x0A, 0xFF, 0x0A, 0x0A, 0x0A, 0xFF,
        0x0A, 0x0A, 0x0A, 0xFF, 0x0A, 0x0A, 0x0A, 0xFF, 0x0A, 0x0A, 0x0A, 0xFF, 0x0A, 0x0A, 0x0A, 0xFF,
        0x0A, 0x0A, 0x0A, 0xFF, 0x0A, 0x0A, 0x0A, 0xFF, 0x0A, 0x0A, 0x0A, 0xFF, 0x0A, 0x0A, 0x0A, 0xFF,
        0x0A, 0x0A, 0x0A, 0xFF, 0x0A, 0x0A, 0x0A, 0xFF, 0x0A, 0x0A, 0x0A, 0xFF, 0x0A, 0x0A, 0x0A, 0xFF,
        0x0A, 0x0A, 0x0A, 0xFF, 0x0A, 0x0A, 0x0A, 0xFF, 0x0A, 0x0A, 0x0A, 0xFF, 0x0A, 0x0A, 0x0A, 0xFF,
        0x0A, 0x0A, 0x0A, 0xFF, 0x0A, 0x0A, 0x0A, 0xFF, 0x0A, 0x0A, 0x0A, 0xFF, 0x0A, 0x0A, 0x0A, 0xFF,
        0x0A, 0x0A, 0x0A, 0xFF, 0x0A, 0x0A, 0x0A, 0xFF, 0x0A, 0x0A, 0x0A, 0xFF, 0x0A, 0x0A, 0x0A, 0xFF,
        0x0A, 0x0A, 0x0A, 0xFF, 0x0A, 0x0A, 0x0A, 0xFF, 0x0A, 0x0A, 0x0A, 0xFF, 0x0A, 0x0A, 0x0A, 0xFF,
        0x0A, 0x0A, 0x0A, 0xFF, 0x0A, 0x0A, 0x0A, 0xFF, 0x0A, 0x0A, 0x0A, 0xFF, 0x0A, 0x0A, 0x0A, 0xFF,
        0x0A, 0x0A, 0x0A, 0xFF, 0x0A, 0x0A, 0x0A, 0xFF, 0x0A, 0x0A, 0x0A, 0xFF, 0x0A, 0x0A, 0x0A, 0xFF,
        0x0A, 0x0A, 0x0A, 0xFF, 0x0A, 0x0A, 0x0A, 0xFF, 0x0A, 0x0A, 0x0A, 0xFF, 0x0A, 0x0A, 0x0A, 0xFF,
        0x0A, 0x0A, 0x0A, 0xFF, 0x0A, 0x0A, 0x0A, 0xFF, 0x0A, 0x0A, 0x0A, 0xFF, 0x0A, 0x0A, 0x0A, 0xFF,
        0x0A, 0x0A, 0x0A, 0xFF, 0x0A, 0x0A, 0x0A, 0xFF, 0x0A, 0x0A, 0x0A, 0xFF, 0x0A, 0x0A, 0x0A, 0xFF,
        0x0A, 0x0A, 0x0A, 0xFF, 0x0A, 0x0A, 0x0A, 0xFF, 0x0A, 0x0A, 0x0A, 0xFF, 0x0A, 0x0A, 0x0A, 0xFF,
        0x0A, 0x0A, 0x0A, 0xFF, 0x0A, 0x0A, 0x0A, 0xFF, 0x0A, 0x0A, 0x0A, 0xFF, 0x0A, 0x0A, 0x0A, 0xFF,
        0x0A, 0x0A, 0x0A, 0xFF, 0x0A, 0x0A, 0x0A, 0xFF, 0x0A, 0x0A, 0x0A, 0xFF, 0x0A, 0x0A, 0x0A, 0xFF,
        0x0A, 0x0A, 0x0A, 0xFF, 0x0A, 0x0A, 0x0A, 0xFF, 0x0A, 0x0A, 0x0A, 0xFF, 0x0A, 0x0A, 0x0A, 0xFF,
        0x0A, 0x0A, 0x0A, 0xFF, 0x0A, 0x0A, 0x0A, 0xFF, 0x0A, 0x0A, 0x0A, 0xFF, 0x0A, 0x0A, 0x0A, 0xFF,
        0x0A, 0x0A, 0x0A, 0xFF, 0x0A, 0x0A, 0x0A, 0xFF, 0x0A, 0x0A, 0x0A, 0xFF, 0x0A, 0x0A, 0x0A, 0xFF,
        0x0A, 0x0A, 0x0A, 0xFF, 0x0A, 0x0A, 0x0A, 0xFF, 0x0A, 0x0A, 0x0A, 0xFF, 0x0A, 0x0A, 0x0A, 0xFF,
        0x0A, 0x0A, 0x0A, 0xFF, 0x0A, 0x0A, 0x0A, 0xFF, 0x0A, 0x0A, 0x0A, 0xFF, 0x0A, 0x0A, 0x0A, 0xFF,
        0x0A, 0x0A, 0x0A, 0xFF, 0x0A, 0x0A, 0x0A, 0xFF, 0x0A, 0x0A, 0x0A, 0xFF, 0x0A, 0x0A, 0x0A, 0xFF,
        0x0A, 0x0A, 0x0A, 0xFF, 0x0A, 0x0A, 0x0A, 0xFF, 0x0A, 0x0A, 0x0A, 0xFF, 0x0A, 0x0A, 0x0A, 0xFF,
        0x0A, 0x0A, 0x0A, 0xFF, 0x0A, 0x0A, 0x0A, 0xFF, 0x0A, 0x0A, 0x0A, 0xFF, 0x0A, 0x0A, 0x0A, 0xFF,
        0x0A, 0x0A, 0x0A, 0xFF, 0x0A, 0x0A, 0x0A, 0xFF, 0x0A, 0x0A, 0x0A, 0xFF, 0x0A, 0x0A, 0x0A, 0xFF,
        0x0A, 0x0A, 0x0A, 0xFF, 0x0A, 0x0A, 0x0A, 0xFF, 0x0A, 0x0A, 0x0A, 0xFF, 0x0A, 0x0A, 0x0A, 0xFF,
        0x0A, 0x0A, 0x0A, 0xFF, 0x0A, 0x0A, 0x0A, 0xFF, 0x0A, 0x0A, 0x0A, 0xFF, 0x0A, 0x0A, 0x0A, 0xFF,
        0x0A, 0x0A, 0x0A, 0xFF, 0x0A, 0x0A, 0x0A, 0xFF, 0x0A, 0x0A, 0x0A, 0xFF, 0x0A, 0x0A, 0x0A, 0xFF,
        0x0A, 0x0A, 0x0A, 0xEF, 0x0A, 0x0A, 0x0A, 0xFF, 0x0A, 0x0A, 0x0A, 0xFF, 0x0A, 0x0A, 0x0A, 0xFF,
        0x0A, 0x0A, 0x0A, 0xFF, 0x0A, 0x0A, 0x0A, 0xFF, 0x0A, 0x0A, 0x0A, 0xFF, 0x0A, 0x0A, 0x0A, 0xFF,
        0x0A, 0x0A, 0x0A, 0xFF, 0x0A, 0x0A, 0x0A, 0xFF, 0x0A, 0x0A, 0x0A, 0xFF, 0x0A, 0x0A, 0x0A, 0xFF,
        0x0A, 0x0A, 0x0A, 0xFF, 0x0A, 0x0A, 0x0A, 0xFF, 0x0A, 0x0A, 0x0A, 0xFF, 0x0A, 0x0A, 0x0A, 0xFF,
        0x0A, 0x0A, 0x0A, 0xFF, 0x0A, 0x0A, 0x0A, 0xFF, 0x0A, 0x0A, 0x0A, 0xFF, 0x0A, 0x0A, 0x0A, 0xFF,
        0x0A, 0x0A, 0x0A, 0xFF, 0x0A, 0x0A, 0x0A, 0xFF, 0x0A, 0x0A, 0x0A, 0xFF, 0x0A, 0x0A, 0x0A, 0xFF,
        0x0A, 0x0A, 0x0A, 0xFF, 0x0A, 0x0A, 0x0A, 0xFF, 0x0A, 0x0A, 0x0A, 0xFF, 0x0A, 0x0A, 0x0A, 0xFF,
        0x0A, 0x0A, 0x0A, 0xFF, 0x0A, 0x0A, 0x0A, 0xFF, 0x0A, 0x0A, 0x0A, 0xFF, 0x0A, 0x0A, 0x0A, 0xFF,
        0x0A, 0x0A, 0x0A, 0xFF, 0x0A, 0x0A, 0x0A, 0xFF, 0x0A, 0x0A, 0x0A, 0xFF, 0x0A, 0x0A, 0x0A, 0xFF,
        0x0A, 0x0A, 0x0A, 0xFF, 0x0A, 0x0A, 0x0A, 0xFF, 0x0A, 0x0A, 0x0A, 0xFF, 0x0A, 0x0A, 0x0A, 0xFF,
        0x0A, 0x0A, 0x0A, 0xFF, 0x0A, 0x0A, 0x0A, 0xFF, 0x0A, 0x0A, 0x0A, 0xFF, 0x0A, 0x0A, 0x0A, 0xFF,
        0x0A, 0x0A, 0x0A, 0xFF, 0x0A, 0x0A, 0x0A, 0xFF, 0x0A, 0x0A, 0x0A, 0xFF, 0x0A, 0x0A, 0x0A, 0xFF,
        0x0A, 0x0A, 0x0A, 0xFF, 0x0A, 0x0A, 0x0A, 0xFF, 0x0A, 0x0A, 0x0A, 0xFF, 0x0A, 0x0A, 0x0A, 0xFF,
        0x0A, 0x0A, 0x0A, 0xFF, 0x0A, 0x0A, 0x0A, 0xFF, 0x0A, 0x0A, 0x0A, 0xFF, 0x0A, 0x0A, 0x0A, 0xFF,
        0x0A, 0x0A, 0x0A, 0xFF, 0x0A, 0x0A, 0x0A, 0xFF, 0x0A, 0x0A, 0x0A, 0xFF, 0x0A, 0x0A, 0x0A, 0xFF,
        0x0A, 0x0A, 0x0A, 0xFF, 0x0A, 0x0A, 0x0A, 0xFF, 0x0A, 0x0A, 0x0A, 0xFF, 0x0A, 0x0A, 0x0A, 0xEF,
        0x0A, 0x0A, 0x0A, 0xBF, 0x0A, 0x0A, 0x0A, 0xFF, 0x0A, 0x0A, 0x0A, 0xFF, 0x0A, 0x0A, 0x0A, 0xFF,
        0x0A, 0x0A, 0x0A, 0xFF, 0x0A, 0x0A, 0x0A, 0xFF, 0x0A, 0x0A, 0x0A, 0xFF, 0x0A, 0x0A, 0x0A, 0xFF,
        0x0A, 0x0A, 0x0A, 0xFF, 0x0A, 0x0A, 0x0A, 0xFF, 0x0A, 0x0A, 0x0A, 0xFF, 0x0A, 0x0A, 0x0A, 0xFF,
        0x0A, 0x0A, 0x0A, 0xFF, 0x0A, 0x0A, 0x0A, 0xFF, 0x0A, 0x0A, 0x0A, 0xFF, 0x0A, 0x0A, 0x0A, 0xFF,
        0x0A, 0x0A, 0x0A, 0xFF, 0x0A, 0x0A, 0x0A, 0xFF, 0x0A, 0x0A, 0x0A, 0xFF, 0x0A, 0x0A, 0x0A, 0xFF,
        0x0A, 0x0A, 0x0A, 0xFF, 0x0A, 0x0A, 0x0A, 0xFF, 0x0A, 0x0A, 0x0A, 0xFF, 0x0A, 0x0A, 0x0A, 0xFF,
        0x0A, 0x0A, 0x0A, 0xFF, 0x0A, 0x0A, 0x0A, 0xFF, 0x0A, 0x0A, 0x0A, 0xFF, 0x0A, 0x0A, 0x0A, 0xFF,
        0x0A, 0x0A, 0x0A, 0xFF, 0x0A, 0x0A, 0x0A, 0xFF, 0x0A, 0x0A, 0x0A, 0xFF, 0x0A, 0x0A, 0x0A, 0xFF,
        0x0A, 0x0A, 0x0A, 0xFF, 0x0A, 0x0A, 0x0A, 0xFF, 0x0A, 0x0A, 0x0A, 0xFF, 0x0A, 0x0A, 0x0A, 0xFF,
        0x0A, 0x0A, 0x0A, 0xFF, 0x0A, 0x0A, 0x0A, 0xFF, 0x0A, 0x0A, 0x0A, 0xFF, 0x0A, 0x0A, 0x0A, 0xFF,
        0x0A, 0x0A, 0x0A, 0xFF, 0x0A, 0x0A, 0x0A, 0xFF, 0x0A, 0x0A, 0x0A, 0xFF, 0x0A, 0x0A, 0x0A, 0xFF,
        0x0A, 0x0A, 0x0A, 0xFF, 0x0A, 0x0A, 0x0A, 0xFF, 0x0A, 0x0A, 0x0A, 0xFF, 0x0A, 0x0A, 0x0A, 0xFF,
        0x0A, 0x0A, 0x0A, 0xFF, 0x0A, 0x0A, 0x0A, 0xFF, 0x0A, 0x0A, 0x0A, 0xFF, 0x0A, 0x0A, 0x0A, 0xFF,
        0x0A, 0x0A, 0x0A, 0xFF, 0x0A, 0x0A, 0x0A, 0xFF, 0x0A, 0x0A, 0x0A, 0xFF, 0x0A, 0x0A, 0x0A, 0xFF,
        0x0A, 0x0A, 0x0A, 0xFF, 0x0A, 0x0A, 0x0A, 0xFF, 0x0A, 0x0A, 0x0A, 0xFF, 0x0A, 0x0A, 0x0A, 0xFF,
        0x0A, 0x0A, 0x0A, 0xFF, 0x0A, 0x0A, 0x0A, 0xFF, 0x0A, 0x0A, 0x0A, 0xFF, 0x0A, 0x0A, 0x0A, 0xBF,
        0x0A, 0x0A, 0x0A, 0x8F, 0x0A, 0x0A, 0x0A, 0xFF, 0x0A, 0x0A, 0x0A, 0xFF, 0x0A, 0x0A, 0x0A, 0xFF,
        0x0A, 0x0A, 0x0A, 0xFF, 0x0A, 0x0A, 0x0A, 0xFF, 0x0A, 0x0A, 0x0A, 0xFF, 0x0A, 0x0A, 0x0A, 0xFF,
        0x0A, 0x0A, 0x0A, 0xFF, 0x0A, 0x0A, 0x0A, 0xFF, 0x0A, 0x0A, 0x0A, 0xFF, 0x0A, 0x0A, 0x0A, 0xFF,
        0x0A, 0x0A, 0x0A, 0xFF, 0x0A, 0x0A, 0x0A, 0xFF, 0x0A, 0x0A, 0x0A, 0xFF, 0x0A, 0x0A, 0x0A, 0xFF,
        0x0A, 0x0A, 0x0A, 0xFF, 0x0A, 0x0A, 0x0A, 0xFF, 0x0A, 0x0A, 0x0A, 0xFF, 0x0A, 0x0A, 0x0A, 0xFF,
        0x0A, 0x0A, 0x0A, 0xFF, 0x0A, 0x0A, 0x0A, 0xFF, 0x0A, 0x0A, 0x0A, 0xFF, 0x0A, 0x0A, 0x0A, 0xFF,
        0x0A, 0x0A, 0x0A, 0xFF, 0x0A, 0x0A, 0x0A, 0xFF, 0x0A, 0x0A, 0x0A, 0xFF, 0x0A, 0x0A, 0x0A, 0xFF,
        0x0A, 0x0A, 0x0A, 0xFF, 0x0A, 0x0A, 0x0A, 0xFF, 0x0A, 0x0A, 0x0A, 0xFF, 0x0A, 0x0A, 0x0A, 0xFF,
        0x0A, 0x0A, 0x0A, 0xFF, 0x0A, 0x0A, 0x0A, 0xFF, 0x0A, 0x0A, 0x0A, 0xFF, 0x0A, 0x0A, 0x0A, 0xFF,
        0x0A, 0x0A, 0x0A, 0xFF, 0x0A, 0x0A, 0x0A, 0xFF, 0x0A, 0x0A, 0x0A, 0xFF, 0x0A, 0x0A, 0x0A, 0xFF,
        0x0A, 0x0A, 0x0A, 0xFF, 0x0A, 0x0A, 0x0A, 0xFF, 0x0A, 0x0A, 0x0A, 0xFF, 0x0A, 0x0A, 0x0A, 0xFF,
        0x0A, 0x0A, 0x0A, 0xFF, 0x0A, 0x0A, 0x0A, 0xFF, 0x0A, 0x0A, 0x0A, 0xFF, 0x0A, 0x0A, 0x0A, 0xFF,
        0x0A, 0x0A, 0x0A, 0xFF, 0x0A, 0x0A, 0x0A, 0xFF, 0x0A, 0x0A, 0x0A, 0xFF, 0x0A, 0x0A, 0x0A, 0xFF,
        0x0A, 0x0A, 0x0A, 0xFF, 0x0A, 0x0A, 0x0A, 0xFF, 0x0A, 0x0A, 0x0A, 0xFF, 0x0A, 0x0A, 0x0A, 0xFF,
        0x0A, 0x0A, 0x0A, 0xFF, 0x0A, 0x0A, 0x0A, 0xFF, 0x0A, 0x0A, 0x0A, 0xFF, 0x0A, 0x0A, 0x0A, 0xFF,
        0x0A, 0x0A, 0x0A, 0xFF, 0x0A, 0x0A, 0x0A, 0xFF, 0x0A, 0x0A, 0x0A, 0xFF, 0x0A, 0x0A, 0x0A, 0x8F,
        0x0A, 0x0A, 0x0A, 0x40, 0x0A, 0x0A, 0x0A, 0xFF, 0x0A, 0x0A, 0x0A, 0xFF, 0x0A, 0x0A, 0x0A, 0xFF,
        0x0A, 0x0A, 0x0A, 0xFF, 0x0A, 0x0A, 0x0A, 0xFF, 0x0A, 0x0A, 0x0A, 0xFF, 0x0A, 0x0A, 0x0A, 0xFF,
        0x0A, 0x0A, 0x0A, 0xFF, 0x0A, 0x0A, 0x0A, 0xFF, 0x0A, 0x0A, 0x0A, 0xFF, 0x0A, 0x0A, 0x0A, 0xFF,
        0x0A, 0x0A, 0x0A, 0xFF, 0x0A, 0x0A, 0x0A, 0xFF, 0x0A, 0x0A, 0x0A, 0xFF, 0x0A, 0x0A, 0x0A, 0xFF,
        0x0A, 0x0A, 0x0A, 0xFF, 0x0A, 0x0A, 0x0A, 0xFF, 0x0A, 0x0A, 0x0A, 0xFF, 0x0A, 0x0A, 0x0A, 0xFF,
        0x0A, 0x0A, 0x0A, 0xFF, 0x0A, 0x0A, 0x0A, 0xFF, 0x0A, 0x0A, 0x0A, 0xFF, 0x0A, 0x0A, 0x0A, 0xFF,
        0x0A, 0x0A, 0x0A, 0xFF, 0x0A, 0x0A, 0x0A, 0xFF, 0x0A, 0x0A, 0x0A, 0xFF, 0x0A, 0x0A, 0x0A, 0xFF,
        0x0A, 0x0A, 0x0A, 0xFF, 0x0A, 0x0A, 0x0A, 0xFF, 0x0A, 0x0A, 0x0A, 0xFF, 0x0A, 0x0A, 0x0A, 0xFF,
        0x0A, 0x0A, 0x0A, 0xFF, 0x0A, 0x0A, 0x0A, 0xFF, 0x0A, 0x0A, 0x0A, 0xFF, 0x0A, 0x0A, 0x0A, 0xFF,
        0x0A, 0x0A, 0x0A, 0xFF, 0x0A, 0x0A, 0x0A, 0xFF, 0x0A, 0x0A, 0x0A, 0xFF, 0x0A, 0x0A, 0x0A, 0xFF,
        0x0A, 0x0A, 0x0A, 0xFF, 0x0A, 0x0A, 0x0A, 0xFF, 0x0A, 0x0A, 0x0A, 0xFF, 0x0A, 0x0A, 0x0A, 0xFF,
        0x0A, 0x0A, 0x0A, 0xFF, 0x0A, 0x0A, 0x0A, 0xFF, 0x0A, 0x0A, 0x0A, 0xFF, 0x0A, 0x0A, 0x0A, 0xFF,
        0x0A, 0x0A, 0x0A, 0xFF, 0x0A, 0x0A, 0x0A, 0xFF, 0x0A, 0x0A, 0x0A, 0xFF, 0x0A, 0x0A, 0x0A, 0xFF,
        0x0A, 0x0A, 0x0A, 0xFF, 0x0A, 0x0A, 0x0A, 0xFF, 0x0A, 0x0A, 0x0A, 0xFF, 0x0A, 0x0A, 0x0A, 0xFF,
        0x0A, 0x0A, 0x0A, 0xFF, 0x0A, 0x0A, 0x0A, 0xFF, 0x0A, 0x0A, 0x0A, 0xFF, 0x0A, 0x0A, 0x0A, 0xFF,
        0x0A, 0x0A, 0x0A, 0xFF, 0x0A, 0x0A, 0x0A, 0xFF, 0x0A, 0x0A, 0x0A, 0xFF, 0x0A, 0x0A, 0x0A, 0x40,
        0x00, 0x00, 0x00, 0x00, 0x0A, 0x0A, 0x0A, 0xDF, 0x0A, 0x0A, 0x0A, 0xFF, 0x0A, 0x0A, 0x0A, 0xFF,
        0x0A, 0x0A, 0x0A, 0xFF, 0x0A, 0x0A, 0x0A, 0xFF, 0x0A, 0x0A, 0x0A, 0xFF, 0x0A, 0x0A, 0x0A, 0xFF,
        0x0A, 0x0A, 0x0A, 0xFF, 0x0A, 0x0A, 0x0A, 0xFF, 0x0A, 0x0A, 0x0A, 0xFF, 0x0A, 0x0A, 0x0A, 0xFF,
        0x0A, 0x0A, 0x0A, 0xFF, 0x0A, 0x0A, 0x0A, 0xFF, 0x0A, 0x0A, 0x0A, 0xFF, 0x0A, 0x0A, 0x0A, 0xFF,
        0x0A, 0x0A, 0x0A, 0xFF, 0x0A, 0x0A, 0x0A, 0xFF, 0x0A, 0x0A, 0x0A, 0xFF, 0x0A, 0x0A, 0x0A, 0xFF,
        0x0A, 0x0A, 0x0A, 0xFF, 0x0A, 0x0A, 0x0A, 0xFF, 0x0A, 0x0A, 0x0A, 0xFF, 0x0A, 0x0A, 0x0A, 0xFF,
        0x0A, 0x0A, 0x0A, 0xFF, 0x0A, 0x0A, 0x0A, 0xFF, 0x0A, 0x0A, 0x0A, 0xFF, 0x0A, 0x0A, 0x0A, 0xFF,
        0x0A, 0x0A, 0x0A, 0xFF, 0x0A, 0x0A, 0x0A, 0xFF, 0x0A, 0x0A, 0x0A, 0xFF, 0x0A, 0x0A, 0x0A, 0xFF,
        0x0A, 0x0A, 0x0A, 0xFF, 0x0A, 0x0A, 0x0A, 0xFF, 0x0A, 0x0A, 0x0A, 0xFF, 0x0A, 0x0A, 0x0A, 0xFF,
        0x0A, 0x0A, 0x0A, 0xFF, 0x0A, 0x0A, 0x0A, 0xFF, 0x0A, 0x0A, 0x0A, 0xFF, 0x0A, 0x0A, 0x0A, 0xFF,
        0x0A, 0x0A, 0x0A, 0xFF, 0x0A, 0x0A, 0x0A, 0xFF, 0x0A, 0x0A, 0x0A, 0xFF, 0x0A, 0x0A, 0x0A, 0xFF,
        0x0A, 0x0A, 0x0A, 0xFF, 0x0A, 0x0A, 0x0A, 0xFF, 0x0A, 0x0A, 0x0A, 0xFF, 0x0A, 0x0A, 0x0A, 0xFF,
        0x0A, 0x0A, 0x0A, 0xFF, 0x0A, 0x0A, 0x0A, 0xFF, 0x0A, 0x0A, 0x0A, 0xFF, 0x0A, 0x0A, 0x0A, 0xFF,
        0x0A, 0x0A, 0x0A, 0xFF, 0x0A, 0x0A, 0x0A, 0xFF, 0x0A, 0x0A, 0x0A, 0xFF, 0x0A, 0x0A, 0x0A, 0xFF,
        0x0A, 0x0A, 0x0A, 0xFF, 0x0A, 0x0A, 0x0A, 0xFF, 0x0A, 0x0A, 0x0A, 0xFF, 0x0A, 0x0A, 0x0A, 0xFF,
        0x0A, 0x0A, 0x0A, 0xFF, 0x0A, 0x0A, 0x0A, 0xFF, 0x0A, 0x0A, 0x0A, 0xDF, 0x00, 0x00, 0x00, 0x00,
        0x00, 0x00, 0x00, 0x00, 0x0A, 0x0A, 0x0A, 0x60, 0x0A, 0x0A, 0x0A, 0xFF, 0x0A, 0x0A, 0x0A, 0xFF,
        0x0A, 0x0A, 0x0A, 0xFF, 0x0A, 0x0A, 0x0A, 0xFF, 0x0A, 0x0A, 0x0A, 0xFF, 0x0A, 0x0A, 0x0A, 0xFF,
        0x0A, 0x0A, 0x0A, 0xFF, 0x0A, 0x0A, 0x0A, 0xFF, 0x0A, 0x0A, 0x0A, 0xFF, 0x0A, 0x0A, 0x0A, 0xFF,
        0x0A, 0x0A, 0x0A, 0xFF, 0x0A, 0x0A, 0x0A, 0xFF, 0x0A, 0x0A, 0x0A, 0xFF, 0x0A, 0x0A, 0x0A, 0xFF,
        0x0A, 0x0A, 0x0A, 0xFF, 0x0A, 0x0A, 0x0A, 0xFF, 0x0A, 0x0A, 0x0A, 0xFF, 0x0A, 0x0A, 0x0A, 0xFF,
        0x0A, 0x0A, 0x0A, 0xFF, 0x0A, 0x0A, 0x0A, 0xFF, 0x0A, 0x0A, 0x0A, 0xFF, 0x0A, 0x0A, 0x0A, 0xFF,
        0x0A, 0x0A, 0x0A, 0xFF, 0x0A, 0x0A, 0x0A, 0xFF, 0x0A, 0x0A, 0x0A, 0xFF, 0x0A, 0x0A, 0x0A, 0xFF,
        0x0A, 0x0A, 0x0A, 0xFF, 0x0A, 0x0A, 0x0A, 0xFF, 0x0A, 0x0A, 0x0A, 0xFF, 0x0A, 0x0A, 0x0A, 0xFF,
        0x0A, 0x0A, 0x0A, 0xFF, 0x0A, 0x0A, 0x0A, 0xFF, 0x0A, 0x0A, 0x0A, 0xFF, 0x0A, 0x0A, 0x0A, 0xFF,
        0x0A, 0x0A, 0x0A, 0xFF, 0x0A, 0x0A, 0x0A, 0xFF, 0x0A, 0x0A, 0x0A, 0xFF, 0x0A, 0x0A, 0x0A, 0xFF,
        0x0A, 0x0A, 0x0A, 0xFF, 0x0A, 0x0A, 0x0A, 0xFF, 0x0A, 0x0A, 0x0A, 0xFF, 0x0A, 0x0A, 0x0A, 0xFF,
        0x0A, 0x0A, 0x0A, 0xFF, 0x0A, 0x0A, 0x0A, 0xFF, 0x0A, 0x0A, 0x0A, 0xFF, 0x0A, 0x0A, 0x0A, 0xFF,
        0x0A, 0x0A, 0x0A, 0xFF, 0x0A, 0x0A, 0x0A, 0xFF, 0x0A, 0x0A, 0x0A, 0xFF, 0x0A, 0x0A, 0x0A, 0xFF,
        0x0A, 0x0A, 0x0A, 0xFF, 0x0A, 0x0A, 0x0A, 0xFF, 0x0A, 0x0A, 0x0A, 0xFF, 0x0A, 0x0A, 0x0A, 0xFF,
        0x0A, 0x0A, 0x0A, 0xFF, 0x0A, 0x0A, 0x0A, 0xFF, 0x0A, 0x0A, 0x0A, 0xFF, 0x0A, 0x0A, 0x0A, 0xFF,
        0x0A, 0x0A, 0x0A, 0xFF, 0x0A, 0x0A, 0x0A, 0xFF, 0x0A, 0x0A, 0x0A, 0x60, 0x00, 0x00, 0x00, 0x00,
        0x00, 0x00, 0x00, 0x00, 0x00, 0x00, 0x00, 0x00, 0x0A, 0x0A, 0x0A, 0xCF, 0x0A, 0x0A, 0x0A, 0xFF,
        0x0A, 0x0A, 0x0A, 0xFF, 0x0A, 0x0A, 0x0A, 0xFF, 0x0A, 0x0A, 0x0A, 0xFF, 0x0A, 0x0A, 0x0A, 0xFF,
        0x0A, 0x0A, 0x0A, 0xFF, 0x0A, 0x0A, 0x0A, 0xFF, 0x0A, 0x0A, 0x0A, 0xFF, 0x0A, 0x0A, 0x0A, 0xFF,
        0x0A, 0x0A, 0x0A, 0xFF, 0x0A, 0x0A, 0x0A, 0xFF, 0x0A, 0x0A, 0x0A, 0xFF, 0x0A, 0x0A, 0x0A, 0xFF,
        0x0A, 0x0A, 0x0A, 0xFF, 0x0A, 0x0A, 0x0A, 0xFF, 0x0A, 0x0A, 0x0A, 0xFF, 0x0A, 0x0A, 0x0A, 0xFF,
        0x0A, 0x0A, 0x0A, 0xFF, 0x0A, 0x0A, 0x0A, 0xFF, 0x0A, 0x0A, 0x0A, 0xFF, 0x0A, 0x0A, 0x0A, 0xFF,
        0x0A, 0x0A, 0x0A, 0xFF, 0x0A, 0x0A, 0x0A, 0xFF, 0x0A, 0x0A, 0x0A, 0xFF, 0x0A, 0x0A, 0x0A, 0xFF,
        0x0A, 0x0A, 0x0A, 0xFF, 0x0A, 0x0A, 0x0A, 0xFF, 0x0A, 0x0A, 0x0A, 0xFF, 0x0A, 0x0A, 0x0A, 0xFF,
        0x0A, 0x0A, 0x0A, 0xFF, 0x0A, 0x0A, 0x0A, 0xFF, 0x0A, 0x0A, 0x0A, 0xFF, 0x0A, 0x0A, 0x0A, 0xFF,
        0x0A, 0x0A, 0x0A, 0xFF, 0x0A, 0x0A, 0x0A, 0xFF, 0x0A, 0x0A, 0x0A, 0xFF, 0x0A, 0x0A, 0x0A, 0xFF,
        0x0A, 0x0A, 0x0A, 0xFF, 0x0A, 0x0A, 0x0A, 0xFF, 0x0A, 0x0A, 0x0A, 0xFF, 0x0A, 0x0A, 0x0A, 0xFF,
        0x0A, 0x0A, 0x0A, 0xFF, 0x0A, 0x0A, 0x0A, 0xFF, 0x0A, 0x0A, 0x0A, 0xFF, 0x0A, 0x0A, 0x0A, 0xFF,
        0x0A, 0x0A, 0x0A, 0xFF, 0x0A, 0x0A, 0x0A, 0xFF, 0x0A, 0x0A, 0x0A, 0xFF, 0x0A, 0x0A, 0x0A, 0xFF,
        0x0A, 0x0A, 0x0A, 0xFF, 0x0A, 0x0A, 0x0A, 0xFF, 0x0A, 0x0A, 0x0A, 0xFF, 0x0A, 0x0A, 0x0A, 0xFF,
        0x0A, 0x0A, 0x0A, 0xFF, 0x0A, 0x0A, 0x0A, 0xFF, 0x0A, 0x0A, 0x0A, 0xFF, 0x0A, 0x0A, 0x0A, 0xFF,
        0x0A, 0x0A, 0x0A, 0xFF, 0x0A, 0x0A, 0x0A, 0xCF, 0x00, 0x00, 0x00, 0x00, 0x00, 0x00, 0x00, 0x00,
        0x00, 0x00, 0x00, 0x00, 0x00, 0x00, 0x00, 0x00, 0x0A, 0x0A, 0x0A, 0x30, 0x0A, 0x0A, 0x0A, 0xEF,
        0x0A, 0x0A, 0x0A, 0xFF, 0x0A, 0x0A, 0x0A, 0xFF, 0x0A, 0x0A, 0x0A, 0xFF, 0x0A, 0x0A, 0x0A, 0xFF,
        0x0A, 0x0A, 0x0A, 0xFF, 0x0A, 0x0A, 0x0A, 0xFF, 0x0A, 0x0A, 0x0A, 0xFF, 0x0A, 0x0A, 0x0A, 0xFF,
        0x0A, 0x0A, 0x0A, 0xFF, 0x0A, 0x0A, 0x0A, 0xFF, 0x0A, 0x0A, 0x0A, 0xFF, 0x0A, 0x0A, 0x0A, 0xFF,
        0x0A, 0x0A, 0x0A, 0xFF, 0x0A, 0x0A, 0x0A, 0xFF, 0x0A, 0x0A, 0x0A, 0xFF, 0x0A, 0x0A, 0x0A, 0xFF,
        0x0A, 0x0A, 0x0A, 0xFF, 0x0A, 0x0A, 0x0A, 0xFF, 0x0A, 0x0A, 0x0A, 0xFF, 0x0A, 0x0A, 0x0A, 0xFF,
        0x0A, 0x0A, 0x0A, 0xFF, 0x0A, 0x0A, 0x0A, 0xFF, 0x0A, 0x0A, 0x0A, 0xFF, 0x0A, 0x0A, 0x0A, 0xFF,
        0x0A, 0x0A, 0x0A, 0xFF, 0x0A, 0x0A, 0x0A, 0xFF, 0x0A, 0x0A, 0x0A, 0xFF, 0x0A, 0x0A, 0x0A, 0xFF,
        0x0A, 0x0A, 0x0A, 0xFF, 0x0A, 0x0A, 0x0A, 0xFF, 0x0A, 0x0A, 0x0A, 0xFF, 0x0A, 0x0A, 0x0A, 0xFF,
        0x0A, 0x0A, 0x0A, 0xFF, 0x0A, 0x0A, 0x0A, 0xFF, 0x0A, 0x0A, 0x0A, 0xFF, 0x0A, 0x0A, 0x0A, 0xFF,
        0x0A, 0x0A, 0x0A, 0xFF, 0x0A, 0x0A, 0x0A, 0xFF, 0x0A, 0x0A, 0x0A, 0xFF, 0x0A, 0x0A, 0x0A, 0xFF,
        0x0A, 0x0A, 0x0A, 0xFF, 0x0A, 0x0A, 0x0A, 0xFF, 0x0A, 0x0A, 0x0A, 0xFF, 0x0A, 0x0A, 0x0A, 0xFF,
        0x0A, 0x0A, 0x0A, 0xFF, 0x0A, 0x0A, 0x0A, 0xFF, 0x0A, 0x0A, 0x0A, 0xFF, 0x0A, 0x0A, 0x0A, 0xFF,
        0x0A, 0x0A, 0x0A, 0xFF, 0x0A, 0x0A, 0x0A, 0xFF, 0x0A, 0x0A, 0x0A, 0xFF, 0x0A, 0x0A, 0x0A, 0xFF,
        0x0A, 0x0A, 0x0A, 0xFF, 0x0A, 0x0A, 0x0A, 0xFF, 0x0A, 0x0A, 0x0A, 0xFF, 0x0A, 0x0A, 0x0A, 0xFF,
        0x0A, 0x0A, 0x0A, 0xEF, 0x0A, 0x0A, 0x0A, 0x30, 0x00, 0x00, 0x00, 0x00, 0x00, 0x00, 0x00, 0x00,
        0x00, 0x00, 0x00, 0x00, 0x00, 0x00, 0x00, 0x00, 0x00, 0x00, 0x00, 0x00, 0x0A, 0x0A, 0x0A, 0x50,
        0x0A, 0x0A, 0x0A, 0xFF, 0x0A, 0x0A, 0x0A, 0xFF, 0x0A, 0x0A, 0x0A, 0xFF, 0x0A, 0x0A, 0x0A, 0xFF,
        0x0A, 0x0A, 0x0A, 0xFF, 0x0A, 0x0A, 0x0A, 0xFF, 0x0A, 0x0A, 0x0A, 0xFF, 0x0A, 0x0A, 0x0A, 0xFF,
        0x0A, 0x0A, 0x0A, 0xFF, 0x0A, 0x0A, 0x0A, 0xFF, 0x0A, 0x0A, 0x0A, 0xFF, 0x0A, 0x0A, 0x0A, 0xFF,
        0x0A, 0x0A, 0x0A, 0xFF, 0x0A, 0x0A, 0x0A, 0xFF, 0x0A, 0x0A, 0x0A, 0xFF, 0x0A, 0x0A, 0x0A, 0xFF,
        0x0A, 0x0A, 0x0A, 0xFF, 0x0A, 0x0A, 0x0A, 0xFF, 0x0A, 0x0A, 0x0A, 0xFF, 0x0A, 0x0A, 0x0A, 0xFF,
        0x0A, 0x0A, 0x0A, 0xFF, 0x0A, 0x0A, 0x0A, 0xFF, 0x0A, 0x0A, 0x0A, 0xFF, 0x0A, 0x0A, 0x0A, 0xFF,
        0x0A, 0x0A, 0x0A, 0xFF, 0x0A, 0x0A, 0x0A, 0xFF, 0x0A, 0x0A, 0x0A, 0xFF, 0x0A, 0x0A, 0x0A, 0xFF,
        0x0A, 0x0A, 0x0A, 0xFF, 0x0A, 0x0A, 0x0A, 0xFF, 0x0A, 0x0A, 0x0A, 0xFF, 0x0A, 0x0A, 0x0A, 0xFF,
        0x0A, 0x0A, 0x0A, 0xFF, 0x0A, 0x0A, 0x0A, 0xFF, 0x0A, 0x0A, 0x0A, 0xFF, 0x0A, 0x0A, 0x0A, 0xFF,
        0x0A, 0x0A, 0x0A, 0xFF, 0x0A, 0x0A, 0x0A, 0xFF, 0x0A, 0x0A, 0x0A, 0xFF, 0x0A, 0x0A, 0x0A, 0xFF,
        0x0A, 0x0A, 0x0A, 0xFF, 0x0A, 0x0A, 0x0A, 0xFF, 0x0A, 0x0A, 0x0A, 0xFF, 0x0A, 0x0A, 0x0A, 0xFF,
        0x0A, 0x0A, 0x0A, 0xFF, 0x0A, 0x0A, 0x0A, 0xFF, 0x0A, 0x0A, 0x0A, 0xFF, 0x0A, 0x0A, 0x0A, 0xFF,
        0x0A, 0x0A, 0x0A, 0xFF, 0x0A, 0x0A, 0x0A, 0xFF, 0x0A, 0x0A, 0x0A, 0xFF, 0x0A, 0x0A, 0x0A, 0xFF,
        0x0A, 0x0A, 0x0A, 0xFF, 0x0A, 0x0A, 0x0A, 0xFF, 0x0A, 0x0A, 0x0A, 0xFF, 0x0A, 0x0A, 0x0A, 0xFF,
        0x0A, 0x0A, 0x0A, 0x50, 0x00, 0x00, 0x00, 0x00, 0x00, 0x00, 0x00, 0x00, 0x00, 0x00, 0x00, 0x00,
        0x00, 0x00, 0x00, 0x00, 0x00, 0x00, 0x00, 0x00, 0x00, 0x00, 0x00, 0x00, 0x00, 0x00, 0x00, 0x00,
        0x0A, 0x0A, 0x0A, 0x50, 0x0A, 0x0A, 0x0A, 0xEF, 0x0A, 0x0A, 0x0A, 0xFF, 0x0A, 0x0A, 0x0A, 0xFF,
        0x0A, 0x0A, 0x0A, 0xFF, 0x0A, 0x0A, 0x0A, 0xFF, 0x0A, 0x0A, 0x0A, 0xFF, 0x0A, 0x0A, 0x0A, 0xFF,
        0x0A, 0x0A, 0x0A, 0xFF, 0x0A, 0x0A, 0x0A, 0xFF, 0x0A, 0x0A, 0x0A, 0xFF, 0x0A, 0x0A, 0x0A, 0xFF,
        0x0A, 0x0A, 0x0A, 0xFF, 0x0A, 0x0A, 0x0A, 0xFF, 0x0A, 0x0A, 0x0A, 0xFF, 0x0A, 0x0A, 0x0A, 0xFF,
        0x0A, 0x0A, 0x0A, 0xFF, 0x0A, 0x0A, 0x0A, 0xFF, 0x0A, 0x0A, 0x0A, 0xFF, 0x0A, 0x0A, 0x0A, 0xFF,
        0x0A, 0x0A, 0x0A, 0xFF, 0x0A, 0x0A, 0x0A, 0xFF, 0x0A, 0x0A, 0x0A, 0xFF, 0x0A, 0x0A, 0x0A, 0xFF,
        0x0A, 0x0A, 0x0A, 0xFF, 0x0A, 0x0A, 0x0A, 0xFF, 0x0A, 0x0A, 0x0A, 0xFF, 0x0A, 0x0A, 0x0A, 0xFF,
        0x0A, 0x0A, 0x0A, 0xFF, 0x0A, 0x0A, 0x0A, 0xFF, 0x0A, 0x0A, 0x0A, 0xFF, 0x0A, 0x0A, 0x0A, 0xFF,
        0x0A, 0x0A, 0x0A, 0xFF, 0x0A, 0x0A, 0x0A, 0xFF, 0x0A, 0x0A, 0x0A, 0xFF, 0x0A, 0x0A, 0x0A, 0xFF,
        0x0A, 0x0A, 0x0A, 0xFF, 0x0A, 0x0A, 0x0A, 0xFF, 0x0A, 0x0A, 0x0A, 0xFF, 0x0A, 0x0A, 0x0A, 0xFF,
        0x0A, 0x0A, 0x0A, 0xFF, 0x0A, 0x0A, 0x0A, 0xFF, 0x0A, 0x0A, 0x0A, 0xFF, 0x0A, 0x0A, 0x0A, 0xFF,
        0x0A, 0x0A, 0x0A, 0xFF, 0x0A, 0x0A, 0x0A, 0xFF, 0x0A, 0x0A, 0x0A, 0xFF, 0x0A, 0x0A, 0x0A, 0xFF,
        0x0A, 0x0A, 0x0A, 0xFF, 0x0A, 0x0A, 0x0A, 0xFF, 0x0A, 0x0A, 0x0A, 0xFF, 0x0A, 0x0A, 0x0A, 0xFF,
        0x0A, 0x0A, 0x0A, 0xFF, 0x0A, 0x0A, 0x0A, 0xFF, 0x0A, 0x0A, 0x0A, 0xEF, 0x0A, 0x0A, 0x0A, 0x50,
        0x00, 0x00, 0x00, 0x00, 0x00, 0x00, 0x00, 0x00, 0x00, 0x00, 0x00, 0x00, 0x00, 0x00, 0x00, 0x00,
        0x00, 0x00, 0x00, 0x00, 0x00, 0x00, 0x00, 0x00, 0x00, 0x00, 0x00, 0x00, 0x00, 0x00, 0x00, 0x00,
        0x00, 0x00, 0x00, 0x00, 0x0A, 0x0A, 0x0A, 0x30, 0x0A, 0x0A, 0x0A, 0xCF, 0x0A, 0x0A, 0x0A, 0xFF,
        0x0A, 0x0A, 0x0A, 0xFF, 0x0A, 0x0A, 0x0A, 0xFF, 0x0A, 0x0A, 0x0A, 0xFF, 0x0A, 0x0A, 0x0A, 0xFF,
        0x0A, 0x0A, 0x0A, 0xFF, 0x0A, 0x0A, 0x0A, 0xFF, 0x0A, 0x0A, 0x0A, 0xFF, 0x0A, 0x0A, 0x0A, 0xFF,
        0x0A, 0x0A, 0x0A, 0xFF, 0x0A, 0x0A, 0x0A, 0xFF, 0x0A, 0x0A, 0x0A, 0xFF, 0x0A, 0x0A, 0x0A, 0xFF,
        0x0A, 0x0A, 0x0A, 0xFF, 0x0A, 0x0A, 0x0A, 0xFF, 0x0A, 0x0A, 0x0A, 0xFF, 0x0A, 0x0A, 0x0A, 0xFF,
        0x0A, 0x0A, 0x0A, 0xFF, 0x0A, 0x0A, 0x0A, 0xFF, 0x0A, 0x0A, 0x0A, 0xFF, 0x0A, 0x0A, 0x0A, 0xFF,
        0x0A, 0x0A, 0x0A, 0xFF, 0x0A, 0x0A, 0x0A, 0xFF, 0x0A, 0x0A, 0x0A, 0xFF, 0x0A, 0x0A, 0x0A, 0xFF,
        0x0A, 0x0A, 0x0A, 0xFF, 0x0A, 0x0A, 0x0A, 0xFF, 0x0A, 0x0A, 0x0A, 0xFF, 0x0A, 0x0A, 0x0A, 0xFF,
        0x0A, 0x0A, 0x0A, 0xFF, 0x0A, 0x0A, 0x0A, 0xFF, 0x0A, 0x0A, 0x0A, 0xFF, 0x0A, 0x0A, 0x0A, 0xFF,
        0x0A, 0x0A, 0x0A, 0xFF, 0x0A, 0x0A, 0x0A, 0xFF, 0x0A, 0x0A, 0x0A, 0xFF, 0x0A, 0x0A, 0x0A, 0xFF,
        0x0A, 0x0A, 0x0A, 0xFF, 0x0A, 0x0A, 0x0A, 0xFF, 0x0A, 0x0A, 0x0A, 0xFF, 0x0A, 0x0A, 0x0A, 0xFF,
        0x0A, 0x0A, 0x0A, 0xFF, 0x0A, 0x0A, 0x0A, 0xFF, 0x0A, 0x0A, 0x0A, 0xFF, 0x0A, 0x0A, 0x0A, 0xFF,
        0x0A, 0x0A, 0x0A, 0xFF, 0x0A, 0x0A, 0x0A, 0xFF, 0x0A, 0x0A, 0x0A, 0xFF, 0x0A, 0x0A, 0x0A, 0xFF,
        0x0A, 0x0A, 0x0A, 0xFF, 0x0A, 0x0A, 0x0A, 0xCF, 0x0A, 0x0A, 0x0A, 0x30, 0x00, 0x00, 0x00, 0x00,
        0x00, 0x00, 0x00, 0x00, 0x00, 0x00, 0x00, 0x00, 0x00, 0x00, 0x00, 0x00, 0x00, 0x00, 0x00, 0x00,
        0x00, 0x00, 0x00, 0x00, 0x00, 0x00, 0x00, 0x00, 0x00, 0x00, 0x00, 0x00, 0x00, 0x00, 0x00, 0x00,
        0x00, 0x00, 0x00, 0x00, 0x00, 0x00, 0x00, 0x00, 0x00, 0x00, 0x00, 0x00, 0x0A, 0x0A, 0x0A, 0x60,
        0x0A, 0x0A, 0x0A, 0xDF, 0x0A, 0x0A, 0x0A, 0xFF, 0x0A, 0x0A, 0x0A, 0xFF, 0x0A, 0x0A, 0x0A, 0xFF,
        0x0A, 0x0A, 0x0A, 0xFF, 0x0A, 0x0A, 0x0A, 0xFF, 0x0A, 0x0A, 0x0A, 0xFF, 0x0A, 0x0A, 0x0A, 0xFF,
        0x0A, 0x0A, 0x0A, 0xFF, 0x0A, 0x0A, 0x0A, 0xFF, 0x0A, 0x0A, 0x0A, 0xFF, 0x0A, 0x0A, 0x0A, 0xFF,
        0x0A, 0x0A, 0x0A, 0xFF, 0x0A, 0x0A, 0x0A, 0xFF, 0x0A, 0x0A, 0x0A, 0xFF, 0x0A, 0x0A, 0x0A, 0xFF,
        0x0A, 0x0A, 0x0A, 0xFF, 0x0A, 0x0A, 0x0A, 0xFF, 0x0A, 0x0A, 0x0A, 0xFF, 0x0A, 0x0A, 0x0A, 0xFF,
        0x0A, 0x0A, 0x0A, 0xFF, 0x0A, 0x0A, 0x0A, 0xFF, 0x0A, 0x0A, 0x0A, 0xFF, 0x0A, 0x0A, 0x0A, 0xFF,
        0x0A, 0x0A, 0x0A, 0xFF, 0x0A, 0x0A, 0x0A, 0xFF, 0x0A, 0x0A, 0x0A, 0xFF, 0x0A, 0x0A, 0x0A, 0xFF,
        0x0A, 0x0A, 0x0A, 0xFF, 0x0A, 0x0A, 0x0A, 0xFF, 0x0A, 0x0A, 0x0A, 0xFF, 0x0A, 0x0A, 0x0A, 0xFF,
        0x0A, 0x0A, 0x0A, 0xFF, 0x0A, 0x0A, 0x0A, 0xFF, 0x0A, 0x0A, 0x0A, 0xFF, 0x0A, 0x0A, 0x0A, 0xFF,
        0x0A, 0x0A, 0x0A, 0xFF, 0x0A, 0x0A, 0x0A, 0xFF, 0x0A, 0x0A, 0x0A, 0xFF, 0x0A, 0x0A, 0x0A, 0xFF,
        0x0A, 0x0A, 0x0A, 0xFF, 0x0A, 0x0A, 0x0A, 0xFF, 0x0A, 0x0A, 0x0A, 0xFF, 0x0A, 0x0A, 0x0A, 0xFF,
        0x0A, 0x0A, 0x0A, 0xFF, 0x0A, 0x0A, 0x0A, 0xFF, 0x0A, 0x0A, 0x0A, 0xFF, 0x0A, 0x0A, 0x0A, 0xDF,
        0x0A, 0x0A, 0x0A, 0x60, 0x00, 0x00, 0x00, 0x00, 0x00, 0x00, 0x00, 0x00, 0x00, 0x00, 0x00, 0x00,
        0x00, 0x00, 0x00, 0x00, 0x00, 0x00, 0x00, 0x00, 0x00, 0x00, 0x00, 0x00, 0x00, 0x00, 0x00, 0x00,
        0x00, 0x00, 0x00, 0x00, 0x00, 0x00, 0x00, 0x00, 0x00, 0x00, 0x00, 0x00, 0x00, 0x00, 0x00, 0x00,
        0x00, 0x00, 0x00, 0x00, 0x00, 0x00, 0x00, 0x00, 0x00, 0x00, 0x00, 0x00, 0x00, 0x00, 0x00, 0x00,
        0x00, 0x00, 0x00, 0x00, 0x0A, 0x0A, 0x0A, 0x40, 0x0A, 0x0A, 0x0A, 0x8F, 0x0A, 0x0A, 0x0A, 0xBF,
        0x0A, 0x0A, 0x0A, 0xEF, 0x0A, 0x0A, 0x0A, 0xFF, 0x0A, 0x0A, 0x0A, 0xFF, 0x0A, 0x0A, 0x0A, 0xFF,
        0x0A, 0x0A, 0x0A, 0xFF, 0x0A, 0x0A, 0x0A, 0xFF, 0x0A, 0x0A, 0x0A, 0xFF, 0x0A, 0x0A, 0x0A, 0xFF,
        0x0A, 0x0A, 0x0A, 0xFF, 0x0A, 0x0A, 0x0A, 0xFF, 0x0A, 0x0A, 0x0A, 0xFF, 0x0A, 0x0A, 0x0A, 0xFF,
        0x0A, 0x0A, 0x0A, 0xFF, 0x0A, 0x0A, 0x0A, 0xFF, 0x0A, 0x0A, 0x0A, 0xFF, 0x0A, 0x0A, 0x0A, 0xFF,
        0x0A, 0x0A, 0x0A, 0xFF, 0x0A, 0x0A, 0x0A, 0xFF, 0x0A, 0x0A, 0x0A, 0xFF, 0x0A, 0x0A, 0x0A, 0xFF,
        0x0A, 0x0A, 0x0A, 0xFF, 0x0A, 0x0A, 0x0A, 0xFF, 0x0A, 0x0A, 0x0A, 0xFF, 0x0A, 0x0A, 0x0A, 0xFF,
        0x0A, 0x0A, 0x0A, 0xFF, 0x0A, 0x0A, 0x0A, 0xFF, 0x0A, 0x0A, 0x0A, 0xFF, 0x0A, 0x0A, 0x0A, 0xFF,
        0x0A, 0x0A, 0x0A, 0xFF, 0x0A, 0x0A, 0x0A, 0xFF, 0x0A, 0x0A, 0x0A, 0xFF, 0x0A, 0x0A, 0x0A, 0xFF,
        0x0A, 0x0A, 0x0A, 0xFF, 0x0A, 0x0A, 0x0A, 0xFF, 0x0A, 0x0A, 0x0A, 0xFF, 0x0A, 0x0A, 0x0A, 0xFF,
        0x0A, 0x0A, 0x0A, 0xFF, 0x0A, 0x0A, 0x0A, 0xFF, 0x0A, 0x0A, 0x0A, 0xFF, 0x0A, 0x0A, 0x0A, 0xEF,
        0x0A, 0x0A, 0x0A, 0xBF, 0x0A, 0x0A, 0x0A, 0x8F, 0x0A, 0x0A, 0x0A, 0x40, 0x00, 0x00, 0x00, 0x00,
        0x00, 0x00, 0x00, 0x00, 0x00, 0x00, 0x00, 0x00, 0x00, 0x00, 0x00, 0x00, 0x00, 0x00, 0x00, 0x00,
        0x00, 0x00, 0x00, 0x00, 0x00, 0x00, 0x00, 0x00, 0x00, 0x00, 0x00, 0x00, 0x00, 0x00, 0x00, 0x00,
    };
}
